"Citation: Lawrence H. Officer, 'Exchange Rates Between the United States Dollar and Forty-one Currencies,' MeasuringWorth, 2025. "
The table(s) present the price of one United States Dollar.
"Argentina, 1600 - 2025"
"1916","0.9666 Gold Pesos"
"1917","0.9986 Gold Pesos"
"1918","0.9985 Gold Pesos"
"1919","1.0099 Gold Pesos"
"1920","1.1025 Gold Pesos"
"1921","1.3698 Gold Pesos"
"1922","1.2223 Gold Pesos"
"1923","1.2727 Gold Pesos"
"1924","1.2799 Gold Pesos"
"1925","1.0943 Gold Pesos"
"1926","1.0852 Gold Pesos"
"1927","1.0385 Gold Pesos"
"1928","1.0365 Gold Pesos"
"1929","1.0512 Gold Pesos"
"1930","1.1975 Gold Pesos"
"1931","1.4984 Gold Pesos"
"1932","1.7111 Gold Pesos"
"1933","1.3708 Gold Pesos"
"1934","2.9780 Pesos Moneda Nacional"
"1935","3.0620 Pesos Moneda Nacional"
"1936","3.0178 Pesos Moneda Nacional"
"1937","3.0341 Pesos Moneda Nacional"
"1938","3.0678 Pesos Moneda Nacional"
"1939","3.2414 Pesos Moneda Nacional"
"1940","3.3587 Pesos Moneda Nacional"
"1941","3.3587 Pesos Moneda Nacional"
"1948","4.8100 Pesos Moneda Nacional"
"1949","9.0200 Pesos Moneda Nacional"
"1950","14.0200 Pesos Moneda Nacional"
"1951","14.4600 Pesos Moneda Nacional"
"1952","13.9800 Pesos Moneda Nacional"
"1953","13.9800 Pesos Moneda Nacional"
"1954","13.9800 Pesos Moneda Nacional"
"1955","36.1000 Pesos Moneda Nacional"
"1956","37.4500 Pesos Moneda Nacional"
"1957","37.0000 Pesos Moneda Nacional"
"1958","70.0000 Pesos Moneda Nacional"
"1959","79.9208 Pesos Moneda Nacional"
"1960","82.8900 Pesos Moneda Nacional"
"1961","82.8558 Pesos Moneda Nacional"
"1962","116.2280 Pesos Moneda Nacional"
"1963","138.7170 Pesos Moneda Nacional"
"1964","140.3920 Pesos Moneda Nacional"
"1965","169.5670 Pesos Moneda Nacional"
"1966","209.1500 Pesos Moneda Nacional"
"1967","333.4250 Pesos Moneda Nacional"
"1968","350.0000 Pesos Moneda Nacional"
"1969","350.0000 Pesos Moneda Nacional"
"1970","3.7917 Pesos"
"1971","4.5217 Pesos"
"1972","5.0000 Pesos"
"1973","5.0000 Pesos"
"1974","5.0000 Pesos"
"1975","36.5750 Pesos"
"1976","139.9830 Pesos"
"1977","407.6330 Pesos"
"1978","795.7500 Pesos"
"1979","1316.9700 Pesos"
"1980","1837.1600 Pesos"
"1981","4402.6900 Pesos"
"1982","25922.5000 Pesos"
"1983","10.5300 Old Pesos Argentino"
"1984","67.6491 Old Pesos Argentino"
"1985","0.6018 Australes"
"1986","0.9430 Australes"
"1987","2.1443 Australes"
"1988","8.7526 Australes"
"1989","423.3000 Australes"
"1990","4875.9000 Australes"
"1991","9535.5000 Australes"
"1992","0.9906 (New) Pesos Argentino"
"1993","0.9990 (New) Pesos Argentino"
"1994","0.9990 (New) Pesos Argentino"
"1995","0.9998 (New) Pesos Argentino"
"1996","0.9997 (New) Pesos Argentino"
"1997","0.9995 (New) Pesos Argentino"
"1998","0.9995 (New) Pesos Argentino"
"1999","0.9995 (New) Pesos Argentino"
"2000","0.9995 (New) Pesos Argentino"
"2001","0.9995 (New) Pesos Argentino"
"2002","3.0633 (New) Pesos Argentino"
"2003","2.9006 (New) Pesos Argentino"
"2004","2.9233 (New) Pesos Argentino"
"2005","2.9037 (New) Pesos Argentino"
"2006","3.0543 (New) Pesos Argentino"
"2007","3.0960 New Pesos Argentino"
"2008","3.1442 New Pesos Argentino"
"2009","3.7101 New Pesos Argentino"
"2010","3.8963 New Pesos Argentino"
"2011","4.1100 New Pesos Argentino"
"2012","4.5370 New Pesos Argentino"
"2013","5.4590 New Pesos Argentino"
"2014","8.0750 New Pesos Argentino"
"2015","9.2300 New Pesos Argentino"
"2016","14.7582 New Pesos Argentino"
"2017","16.5627 New Pesos Argentino"
"2018","28.0950 New Pesos Argentino"
"2019","48.1500 New Pesos Argentino"
"2020","70.5400 New Pesos Argentino"
"2021","95.0821 New Pesos Argentino"
"2022","130.6100 New Pesos Argentino"
"2023","296.2580 New Pesos Argentino"
"2024","915.5390 New Pesos Argentino"
"Australia, 1600 - 2025"
"1928","0.2070 Australian Pound"
"1929","0.2080 Australian Pound"
"1930","0.2180 Australian Pound"
"1931","0.2840 Australian Pound"
"1932","0.3570 Australian Pound"
"1933","0.2970 Australian Pound"
"1934","0.2490 Australian Pound"
"1935","0.2570 Australian Pound"
"1936","0.2530 Australian Pound"
"1937","0.2540 Australian Pound"
"1938","0.2570 Australian Pound"
"1939","0.2830 Australian Pound"
"1940","0.3280 Australian Pound"
"1950","0.4480 Australian Pound"
"1951","0.4480 Australian Pound"
"1952","0.4490 Australian Pound"
"1953","0.4460 Australian Pound"
"1954","0.4470 Australian Pound"
"1955","0.4500 Australian Pound"
"1956","0.4490 Australian Pound"
"1957","0.4490 Australian Pound"
"1958","0.4470 Australian Pound"
"1959","0.4470 Australian Pound"
"1960","0.4470 Australian Pound"
"1961","0.4480 Australian Pound"
"1962","0.4470 Australian Pound"
"1963","0.4480 Australian Pound"
"1964","0.4490 Australian Pound"
"1965","0.4490 Australian Pound"
"1966","0.8990 Australian Dollar"
"1967","0.8990 Australian Dollar"
"1968","0.8990 Australian Dollar"
"1969","0.9000 Australian Dollar"
"1970","0.8980 Australian Dollar"
"1971","0.8800 Australian Dollar"
"1972","0.8390 Australian Dollar"
"1973","0.7050 Australian Dollar"
"1974","0.6950 Australian Dollar"
"1975","0.7650 Australian Dollar"
"1976","0.8190 Australian Dollar"
"1977","0.9020 Australian Dollar"
"1978","0.8740 Australian Dollar"
"1979","0.8950 Australian Dollar"
"1980","0.8770 Australian Dollar"
"1981","0.8700 Australian Dollar"
"1982","0.9840 Australian Dollar"
"1983","1.1090 Australian Dollar"
"1984","1.1370 Australian Dollar"
"1985","1.4280 Australian Dollar"
"1986","1.4900 Australian Dollar"
"1987","1.4260 Australian Dollar"
"1988","1.2750 Australian Dollar"
"1989","1.2630 Australian Dollar"
"1990","1.2810 Australian Dollar"
"1991","1.2840 Australian Dollar"
"1992","1.3600 Australian Dollar"
"1993","1.4710 Australian Dollar"
"1994","1.3670 Australian Dollar"
"1995","1.3500 Australian Dollar"
"1996","1.2770 Australian Dollar"
"1997","1.3450 Australian Dollar"
"1998","1.5900 Australian Dollar"
"1999","1.5494 Australian Dollar"
"2000","1.7197 Australian Dollar"
"2001","1.9346 Australian Dollar"
"2002","1.8392 Australian Dollar"
"2003","1.5328 Australian Dollar"
"2004","1.3578 Australian Dollar"
"2005","1.3111 Australian Dollar"
"2006","1.3271 Australian Dollar"
"2007","1.1918 Australian Dollar"
"2008","1.1714 Australian Dollar"
"2009","1.2615 Australian Dollar"
"2010","1.0870 Australian Dollar"
"2011","1.0330 Australian Dollar"
"2011","0.9678 Australian Dollar"
"2012","0.9653 Australian Dollar"
"2013","1.0327 Australian Dollar"
"2014","1.1069 Australian Dollar"
"2015","1.3290 Australian Dollar"
"2016","1.3452 Australian Dollar"
"2017","1.3048 Australian Dollar"
"2018","1.3384 Australian Dollar"
"2019","1.4400 Australian Dollar"
"2020","1.4500 Australian Dollar"
"2021","1.3312 Australian Dollar"
"2022","1.4417 Australian Dollar"
"2023","1.5052 Australian Dollar"
"2024","1.5156 Australian Dollar"
"Austria, 1600 - 2025"
"1913","4.9555 Kronen"
"1914","5.0843 Kronen"
"1915","6.5047 Kronen"
"1916","7.9527 Kronen"
"1917","8.8977 Kronen"
"1921","994.0360 Kronen"
"1922","10309.3000 Kronen"
"1923","71428.6000 Kronen"
"1924","71428.6000 Kronen"
"1925","7.1177 Old Shillings"
"1926","7.1053 Old Shillings"
"1927","7.1041 Old Shillings"
"1928","7.1052 Old Shillings"
"1929","7.1136 Old Shillings"
"1930","7.0977 Old Shillings"
"1931","7.1313 Old Shillings"
"1932","7.1634 Old Shillings"
"1933","6.4734 Old Shillings"
"1934","5.3211 Old Shillings"
"1935","5.3104 Old Shillings"
"1936","5.3215 Old Shillings"
"1937","5.3277 Old Shillings"
"1938","5.2866 Old Shillings"
"1953","25.9202 Shillings"
"1954","25.9202 Shillings"
"1955","25.9202 Shillings"
"1956","25.9202 Shillings"
"1957","25.9477 Shillings"
"1958","25.9498 Shillings"
"1959","25.8940 Shillings"
"1960","26.0004 Shillings"
"1961","25.9869 Shillings"
"1962","25.8498 Shillings"
"1963","25.8465 Shillings"
"1964","25.8411 Shillings"
"1965","25.8371 Shillings"
"1966","25.8491 Shillings"
"1967","25.8478 Shillings"
"1968","25.8565 Shillings"
"1969","25.8705 Shillings"
"1970","25.8672 Shillings"
"1971","24.9944 Shillings"
"1972","23.1332 Shillings"
"1973","19.3615 Shillings"
"1974","18.6693 Shillings"
"1975","17.4013 Shillings"
"1976","17.9391 Shillings"
"1977","16.5306 Shillings"
"1978","14.5016 Shillings"
"1979","13.3870 Shillings"
"1980","12.9450 Shillings"
"1981","15.9480 Shillings"
"1982","17.0600 Shillings"
"1983","17.9680 Shillings"
"1984","20.0050 Shillings"
"1985","20.6760 Shillings"
"1986","15.2600 Shillings"
"1987","12.6490 Shillings"
"1988","12.3570 Shillings"
"1989","13.2360 Shillings"
"1990","11.3310 Shillings"
"1991","11.6860 Shillings"
"1992","10.9920 Shillings"
"1993","11.6390 Shillings"
"1994","11.4090 Shillings"
"1995","10.0760 Shillings"
"1996","10.5890 Shillings"
"1997","12.2060 Shillings"
"1998","12.3790 Shillings"
"1999","14.6590 Shillings"
"Belgium, 1600 - 2025"
"1913","5.2154 Francs"
"1914","5.1780 Francs"
"1919","7.8327 Francs"
"1920","13.5501 Francs"
"1921","13.4302 Francs"
"1922","13.0159 Francs"
"1923","19.1608 Francs"
"1924","21.5341 Francs"
"1925","21.0172 Francs"
"1926","30.6251 Francs"
"1927","7.1861 Belgas"
"1928","7.1797 Belgas"
"1929","7.1878 Belgas"
"1930","7.1672 Belgas"
"1931","7.1795 Belgas"
"1932","7.1872 Belgas"
"1933","5.5867 Belgas"
"1934","4.2943 Belgas"
"1935","5.4277 Belgas"
"1936","5.9113 Belgas"
"1937","5.9255 Belgas"
"1938","5.9192 Belgas"
"1939","5.9341 Belgas"
"1940","5.9241 Belgas"
"1945","43.7445 Francs"
"1946","43.8039 Francs"
"1947","43.8270 Francs"
"1948","43.8289 Francs"
"1949","45.4360 Francs"
"1950","50.2311 Francs"
"1951","50.3550 Francs"
"1952","50.3069 Francs"
"1953","49.9775 Francs"
"1954","50.0626 Francs"
"1955","50.2386 Francs"
"1956","49.9251 Francs"
"1957","50.2361 Francs"
"1958","49.8902 Francs"
"1959","49.9700 Francs"
"1960","49.8679 Francs"
"1961","49.8703 Francs"
"1962","49.7686 Francs"
"1963","49.8703 Francs"
"1964","49.7537 Francs"
"1965","49.6426 Francs"
"1966","49.8331 Francs"
"1967","49.6894 Francs"
"1968","49.9351 Francs"
"1969","50.1454 Francs"
"1970","49.6549 Francs"
"1971","48.5484 Francs"
"1972","44.0218 Francs"
"1973","38.8184 Francs"
"1974","38.8908 Francs"
"1975","36.6932 Francs"
"1976","38.5788 Francs"
"1977","35.8282 Francs"
"1978","31.4376 Francs"
"1979","29.3420 Francs"
"1980","29.2370 Francs"
"1981","37.1940 Francs"
"1982","45.7800 Francs"
"1983","51.1210 Francs"
"1984","57.7490 Francs"
"1985","59.3360 Francs"
"1986","44.6640 Francs"
"1987","37.3580 Francs"
"1988","36.7850 Francs"
"1989","39.4090 Francs"
"1990","33.4240 Francs"
"1991","34.1950 Francs"
"1992","32.1480 Francs"
"1993","34.5810 Francs"
"1994","33.4260 Francs"
"1995","29.4720 Francs"
"1996","30.9700 Francs"
"1997","35.8070 Francs"
"1998","36.3100 Francs"
"1999","42.9740 Francs"
"Brazil, 1600 - 2025"
"1916","4.2100 Milreis"
"1917","3.9957 Milreis"
"1918","3.9505 Milreis"
"1919","3.7404 Milreis"
"1920","4.4419 Milreis"
"1921","7.6220 Milreis"
"1922","7.7228 Milreis"
"1923","9.7766 Milreis"
"1924","9.1405 Milreis"
"1925","8.1993 Milreis"
"1926","6.9273 Milreis"
"1927","8.4472 Milreis"
"1928","8.3516 Milreis"
"1929","8.4694 Milreis"
"1930","9.3339 Milreis"
"1931","14.2268 Milreis"
"1932","14.0404 Milreis"
"1933","12.5581 Milreis"
"1934","11.8669 Milreis"
"1935","12.0559 Milreis"
"1936","11.6712 Milreis"
"1937","11.5691 Milreis"
"1938","17.1122 Milreis"
"1939","16.6592 Milreis"
"1940","16.5120 Milreis"
"1941","16.5085 Milreis"
"1948","18.9906 Old Cruzeiros"
"1949","18.9906 Old Cruzeiros"
"1950","18.9906 Old Cruzeiros"
"1951","18.9906 Old Cruzeiros"
"1952","18.9906 Old Cruzeiros"
"1953","42.9788 Old Cruzeiros"
"1954","60.9699 Old Cruzeiros"
"1955","70.9649 Old Cruzeiros"
"1956","69.9654 Old Cruzeiros"
"1957","75.9625 Old Cruzeiros"
"1958","128.9360 Old Cruzeiros"
"1959","150.9250 Old Cruzeiros"
"1960","186.9080 Old Cruzeiros"
"1961","269.8670 Old Cruzeiros"
"1962","387.8080 Old Cruzeiros"
"1963","574.7160 Old Cruzeiros"
"1964","1252.3800 Old Cruzeiros"
"1965","1898.0600 Old Cruzeiros"
"1966","2218.9000 Old Cruzeiros"
"1967","2.6627 (New) Cruzeiros"
"1968","3.3943 (New) Cruzeiros"
"1969","4.0730 (New) Cruzeiros"
"1970","4.5907 (New) Cruzeiros"
"1971","5.2854 (New) Cruzeiros"
"1972","5.9311 (New) Cruzeiros"
"1973","6.1230 (New) Cruzeiros"
"1974","6.7866 (New) Cruzeiros"
"1975","8.1230 (New) Cruzeiros"
"1976","10.6677 (New) Cruzeiros"
"1977","14.1370 (New) Cruzeiros"
"1978","18.0611 (New) Cruzeiros"
"1979","26.9327 (New) Cruzeiros"
"1980","52.6880 (New) Cruzeiros"
"1981","93.0788 (New) Cruzeiros"
"1982","179.4260 (New) Cruzeiros"
"1983","576.7600 (New) Cruzeiros"
"1984","1847.1200 (New) Cruzeiros"
"1985","6197.3400 (New) Cruzeiros"
"1986","13.6493 Cruzados"
"1987","39.2092 Cruzados"
"1988","261.9990 Cruzados"
"1989","2.8339 New Cruzados"
"1990","68.3001 (Again New) Cruzados"
"1991","406.6070 (Again New) Cruzados"
"1992","4512.9900 (Again New) Cruzados"
"1993","88440.0000 (Again New) Cruzados"
"1994","1758.0700 Cruzeiros Reais"
"1995","0.9177 Reals"
"1996","1.0051 Reals"
"1997","1.0779 Reals"
"1998","1.1605 Reals"
"1999","1.8207 Reals"
"2000","1.8301 Reals"
"2001","2.3527 Reals"
"2002","2.9213 Reals"
"2003","3.0750 Reals"
"2004","2.9262 Reals"
"2005","2.4352 Reals"
"2006","2.1738 Reals"
"2007","1.9461 Reals"
"2008","1.8327 Reals"
"2009","1.9976 Reals"
"2010","1.7601 Reals"
"2011","1.6720 Reals"
"2011","1.6723 Reals"
"2012","1.9535 Reals"
"2013","2.1570 Reals"
"2014","2.3512 Reals"
"2015","3.3336 Reals"
"2016","3.4913 Reals"
"2017","3.1914 Reals"
"2018","3.6538 Reals"
"2019","3.9400 Reals"
"2020","5.1600 Reals"
"2021","5.3944 Reals"
"2022","5.1640 Reals"
"2023","4.9944 Reals"
"2024","5.3895 Reals"
"Canada, 1600 - 2025"
"1913","1.0000 Canadian Dollar"
"1914","0.9990 Canadian Dollar"
"1915","1.0040 Canadian Dollar"
"1916","1.0020 Canadian Dollar"
"1917","1.0020 Canadian Dollar"
"1919","1.0460 Canadian Dollar"
"1920","1.1200 Canadian Dollar"
"1921","1.1170 Canadian Dollar"
"1922","1.0150 Canadian Dollar"
"1923","1.0200 Canadian Dollar"
"1924","1.0130 Canadian Dollar"
"1925","1.0000 Canadian Dollar"
"1926","1.0000 Canadian Dollar"
"1927","1.0000 Canadian Dollar"
"1928","1.0010 Canadian Dollar"
"1929","1.0080 Canadian Dollar"
"1930","1.0020 Canadian Dollar"
"1931","1.0380 Canadian Dollar"
"1932","1.1350 Canadian Dollar"
"1933","1.0870 Canadian Dollar"
"1934","0.9900 Canadian Dollar"
"1935","1.0050 Canadian Dollar"
"1936","1.0010 Canadian Dollar"
"1937","1.0000 Canadian Dollar"
"1938","1.0060 Canadian Dollar"
"1939","1.0410 Canadian Dollar"
"1940","1.1750 Canadian Dollar"
"1941","1.1449 Canadian Dollar"
"1946","1.0720 Canadian Dollar"
"1947","1.0870 Canadian Dollar"
"1948","1.0906 Canadian Dollar"
"1949","1.0767 Canadian Dollar"
"1950","1.0930 Canadian Dollar"
"1951","1.0530 Canadian Dollar"
"1952","0.9790 Canadian Dollar"
"1953","0.9840 Canadian Dollar"
"1954","0.9730 Canadian Dollar"
"1955","0.9860 Canadian Dollar"
"1956","0.9840 Canadian Dollar"
"1957","0.9590 Canadian Dollar"
"1958","0.9710 Canadian Dollar"
"1959","0.9590 Canadian Dollar"
"1960","0.9700 Canadian Dollar"
"1961","1.0130 Canadian Dollar"
"1962","1.0690 Canadian Dollar"
"1963","1.0790 Canadian Dollar"
"1964","1.0790 Canadian Dollar"
"1965","1.0780 Canadian Dollar"
"1966","1.0770 Canadian Dollar"
"1967","1.0790 Canadian Dollar"
"1968","1.0780 Canadian Dollar"
"1969","1.0770 Canadian Dollar"
"1970","1.0440 Canadian Dollar"
"1971","1.0100 Canadian Dollar"
"1972","0.9910 Canadian Dollar"
"1973","1.0000 Canadian Dollar"
"1974","0.9780 Canadian Dollar"
"1975","1.0170 Canadian Dollar"
"1976","0.9860 Canadian Dollar"
"1977","1.0630 Canadian Dollar"
"1978","1.1400 Canadian Dollar"
"1979","1.1600 Canadian Dollar"
"1980","1.1690 Canadian Dollar"
"1981","1.1990 Canadian Dollar"
"1982","1.2340 Canadian Dollar"
"1983","1.2330 Canadian Dollar"
"1984","1.2950 Canadian Dollar"
"1985","1.3660 Canadian Dollar"
"1986","1.3900 Canadian Dollar"
"1987","1.3260 Canadian Dollar"
"1988","1.2310 Canadian Dollar"
"1989","1.1840 Canadian Dollar"
"1990","1.1670 Canadian Dollar"
"1991","1.1460 Canadian Dollar"
"1992","1.2090 Canadian Dollar"
"1993","1.2900 Canadian Dollar"
"1994","1.3660 Canadian Dollar"
"1995","1.3730 Canadian Dollar"
"1996","1.3640 Canadian Dollar"
"1997","1.3850 Canadian Dollar"
"1998","1.4840 Canadian Dollar"
"1999","1.4858 Canadian Dollar"
"2000","1.4855 Canadian Dollar"
"2001","1.5487 Canadian Dollar"
"2002","1.5704 Canadian Dollar"
"2003","1.4008 Canadian Dollar"
"2004","1.3017 Canadian Dollar"
"2005","1.2115 Canadian Dollar"
"2006","1.1340 Canadian Dollar"
"2007","1.0734 Canadian Dollar"
"2008","1.0660 Canadian Dollar"
"2009","1.1412 Canadian Dollar"
"2010","1.0298 Canadian Dollar"
"2011","0.9890 Canadian Dollar"
"2012","0.9995 Canadian Dollar"
"2013","1.0300 Canadian Dollar"
"2014","1.1043 Canadian Dollar"
"2015","1.2791 Canadian Dollar"
"2016","1.3254 Canadian Dollar"
"2017","1.2977 Canadian Dollar"
"2018","1.2958 Canadian Dollar"
"2019","1.3300 Canadian Dollar"
"2020","1.3400 Canadian Dollar"
"2021","1.2539 Canadian Dollar"
"2022","1.3016 Canadian Dollar"
"2023","1.3499 Canadian Dollar"
"2024","1.3700 Canadian Dollar"
"Chile, 1600 - 2025"
"1917","3.5660 Old Peso"
"1918","3.3786 Old Peso"
"1919","4.4336 Old Peso"
"1920","5.4189 Old Peso"
"1921","8.3269 Old Peso"
"1922","8.1831 Old Peso"
"1923","8.1684 Old Peso"
"1924","9.4833 Old Peso"
"1925","8.6184 Old Peso"
"1926","8.2805 Old Peso"
"1927","8.2883 Old Peso"
"1928","8.2338 Old Peso"
"1929","8.2918 Old Peso"
"1930","8.2792 Old Peso"
"1931","8.2871 Old Peso"
"1932","12.6456 Old Peso"
"1933","13.0230 Old Peso"
"1934","9.8569 Old Peso"
"1935","19.6723 Old Peso"
"1936","19.5160 Old Peso"
"1937","19.3435 Old Peso"
"1938","19.3364 Old Peso"
"1939","19.3323 Old Peso"
"1940","19.3543 Old Peso"
"1941","19.3558 Old Peso"
"1948","32.9990 Old Peso"
"1949","35.9989 Old Peso"
"1950","47.9986 Old Peso"
"1951","55.9984 Old Peso"
"1952","61.9982 Old Peso"
"1953","70.9979 Old Peso"
"1954","91.9973 Old Peso"
"1955","161.9950 Old Peso"
"1956","335.9900 Old Peso"
"1957","521.3180 Old Peso"
"1958","704.6460 Old Peso"
"1959","944.3060 Old Peso"
"1960","1.0490 Escudos"
"1961","1.0501 Escudos"
"1962","1.0576 Escudos"
"1963","1.6218 Escudos"
"1964","2.3074 Escudos"
"1965","3.1567 Escudos"
"1966","3.8511 Escudos"
"1967","5.0683 Escudos"
"1968","6.8765 Escudos"
"1969","8.6176 Escudos"
"1970","11.2775 Escudos"
"1971","12.2086 Escudos"
"1972","20.8352 Escudos"
"1973","71.6419 Escudos"
"1974","592.8260 Escudos"
"1975","4910.4200 Escudos"
"1976","13.0542 Pesos"
"1977","21.5358 Pesos"
"1978","31.6558 Pesos"
"1979","37.2458 Pesos"
"1980","39.0000 Pesos"
"1981","39.0000 Pesos"
"1982","50.9083 Pesos"
"1983","78.7883 Pesos"
"1984","98.4775 Pesos"
"1985","160.8600 Pesos"
"1986","192.9300 Pesos"
"1987","219.4070 Pesos"
"1988","245.0120 Pesos"
"1989","266.9540 Pesos"
"1990","304.9030 Pesos"
"1991","349.2160 Pesos"
"1992","362.5760 Pesos"
"1993","404.1660 Pesos"
"1994","420.1770 Pesos"
"1995","396.7730 Pesos"
"1996","412.2670 Pesos"
"1997","419.2950 Pesos"
"1998","460.2900 Pesos"
"1999","508.7800 Pesos"
"2000","539.5900 Pesos"
"2001","634.9400 Pesos"
"2002","688.9400 Pesos"
"2003","691.4300 Pesos"
"2004","609.3700 Pesos"
"2005","560.0900 Pesos"
"2006","530.2900 Pesos"
"2007","522.5010 Pesos"
"2008","522.4600 Pesos"
"2009","560.8600 Peso"
"2010","510.2490 Peso"
"2011","483.6680 Pesos"
"2012","486.4710 Pesos"
"2013","495.2880 Pesos"
"2014","570.2750 Pesos"
"2015","654.1200 Peso (New People's Currency)"
"2016","676.9580 Peso (New People's Currency)"
"2017","648.8340 Peso (New People's Currency)"
"2018","641.2770 Peso (New People's Currency)"
"2019","702.9000 Peso (New People's Currency)"
"2020","792.7300 Peso (New People's Currency)"
"2021","758.9550 Peso (New People's Currency)"
"2022","873.3140 Peso (New People's Currency)"
"2023","840.0670 Peso (New People's Currency)"
"2024","944.4570 Peso (New People's Currency)"
"China, 1600 - 2025"
"1922","1.7975 Old Yuan"
"1923","1.9003 Old Yuan"
"1924","1.8976 Old Yuan"
"1925","1.7573 Old Yuan"
"1926","2.0008 Old Yuan"
"1927","2.2758 Old Yuan"
"1928","2.1674 Old Yuan"
"1929","2.3866 Old Yuan"
"1930","3.3426 Old Yuan"
"1931","4.4569 Old Yuan"
"1932","4.6007 Old Yuan"
"1933","3.4968 New Yuan"
"1934","2.9331 New Yuan"
"1935","2.7344 New Yuan"
"1936","3.3613 New Yuan"
"1937","3.3777 New Yuan"
"1938","4.6817 New Yuan"
"1939","8.4180 New Yuan"
"1940","16.6672 New Yuan"
"1941","18.8207 New Yuan"
"1981","1.7031 (New People's Currency) Yuan"
"1982","1.8978 (New People's Currency) Yuan"
"1983","1.9809 (New People's Currency) Yuan"
"1984","2.3308 (New People's Currency) Yuan"
"1985","2.9434 (New People's Currency) Yuan"
"1986","3.4616 (New People's Currency) Yuan"
"1987","3.7314 (New People's Currency) Yuan"
"1988","3.7314 (New People's Currency) Yuan"
"1989","3.7673 (New People's Currency) Yuan"
"1990","4.7921 (New People's Currency) Yuan"
"1991","5.3337 (New People's Currency) Yuan"
"1992","5.5206 (New People's Currency) Yuan"
"1993","5.7795 (New People's Currency) Yuan"
"1994","8.6397 (New People's Currency) Yuan"
"1995","8.3700 (New People's Currency) Yuan"
"1996","8.3389 (New People's Currency) Yuan"
"1997","8.3193 (New People's Currency) Yuan"
"1998","8.3008 (New People's Currency) Yuan"
"1999","8.2783 (New People's Currency) Yuan"
"2000","8.2784 (New People's Currency) Yuan"
"2001","8.2770 (New People's Currency) Yuan"
"2002","8.2771 (New People's Currency) Yuan"
"2003","8.2772 (New People's Currency) Yuan"
"2004","8.2768 (New People's Currency) Yuan"
"2005","8.1936 (New People's Currency) Yuan"
"2006","7.9723 (New People's Currency) Yuan"
"2007","7.6058 (New People's Currency) Yuan"
"2008","6.9477 (New People's Currency) Yuan"
"2009","6.8307 (New People's Currency) Yuan"
"2010","6.7696 (New People's Currency) Yuan"
"2011","6.4630 (New People's Currency) Yuan"
"2012","6.3093 (New People's Currency) Yuan"
"2013","6.1478 (New People's Currency) Yuan"
"2014","6.1620 (New People's Currency) Yuan"
"2015","6.2827 (New People's Currency) Yuan"
"2016","6.6445 (New People's Currency) Yuan"
"2017","6.7588 (New People's Currency) Yuan"
"2018","6.6160 (New People's Currency) Yuan"
"2019","6.9100 (New People's Currency) Yuan"
"2020","6.9000 (New People's Currency) Yuan"
"2021","6.4490 (New People's Currency) Yuan"
"2022","6.7372 (New People's Currency) Yuan"
"2023","7.0840 (New People's Currency) Yuan"
"2024","7.2003 (New People's Currency) Yuan"
"Colombia, 1600 - 2025"
"1926","1.0157 Peso"
"1927","1.0237 Peso"
"1928","1.0236 Peso"
"1929","1.0357 Peso"
"1930","1.0363 Peso"
"1931","1.0355 Peso"
"1932","1.0496 Peso"
"1933","1.2240 Peso"
"1934","1.6186 Peso"
"1935","1.7854 Peso"
"1936","1.7518 Peso"
"1937","1.7629 Peso"
"1938","1.7872 Peso"
"1939","1.7525 Peso"
"1940","1.7518 Peso"
"1941","1.7543 Peso"
"1948","1.7600 Peso"
"1949","1.9600 Peso"
"1950","1.9600 Peso"
"1951","2.4000 Peso"
"1952","2.5100 Peso"
"1953","2.5100 Peso"
"1954","2.5100 Peso"
"1955","2.5100 Peso"
"1956","2.5100 Peso"
"1957","3.7975 Peso"
"1958","6.4000 Peso"
"1959","6.4000 Peso"
"1960","6.6350 Peso"
"1961","6.7000 Peso"
"1962","6.9012 Peso"
"1963","9.0000 Peso"
"1964","9.0000 Peso"
"1965","10.4750 Peso"
"1966","13.5000 Peso"
"1967","14.5064 Peso"
"1968","16.2907 Peso"
"1969","17.3201 Peso"
"1970","18.4431 Peso"
"1971","19.9319 Peso"
"1972","21.8656 Peso"
"1973","23.6370 Peso"
"1974","26.0641 Peso"
"1975","30.9289 Peso"
"1976","34.6939 Peso"
"1977","36.7749 Peso"
"1978","39.0946 Peso"
"1979","42.5498 Peso"
"1980","47.2803 Peso"
"1981","54.4906 Peso"
"1982","64.0847 Peso"
"1983","78.8543 Peso"
"1984","100.8170 Peso"
"1985","142.3120 Peso"
"1986","194.2610 Peso"
"1987","242.6070 Peso"
"1988","299.1740 Peso"
"1989","382.5680 Peso"
"1990","502.2590 Peso"
"1991","633.0450 Peso"
"1992","759.2820 Peso"
"1993","863.0650 Peso"
"1994","844.8360 Peso"
"1995","912.8260 Peso"
"1996","1036.6900 Peso"
"1997","1140.9600 Peso"
"1998","1426.0400 Peso"
"1999","1756.2300 Peso"
"2000","2087.9000 Peso"
"2001","2299.6300 Peso"
"2002","2504.2400 Peso"
"2003","2877.6500 Peso"
"2004","2628.6100 Peso"
"2005","2320.8300 Peso"
"2006","2361.1400 Peso"
"2007","2078.2900 Peso"
"2008","1967.7100 Peso"
"2009","2158.3000 Peso"
"2011","1848.1400 Peso"
"2012","1796.9000 Peso"
"2013","1868.7900 Peso"
"2014","2001.7800 Peso"
"2015","2741.8800 Peso"
"2016","3054.1200 Peso"
"2017","2.0000 Peso"
"2018","2955.7000 Peso"
"2019","3280.8300 Peso"
"2020","3694.8500 Peso"
"2021","3743.5900 Peso"
"2022","4256.1900 Peso"
"2023","4325.9600 Peso"
"2024","4076.4900 Peso"
"Denmark, 1600 - 2025"
"1913","3.7377 Krones"
"1914","3.7558 Krones"
"1915","3.8765 Krones"
"1916","3.5315 Krones"
"1917","3.3294 Krones"
"1918","3.3065 Krones"
"1919","4.2946 Krones"
"1920","6.3391 Krones"
"1921","5.6192 Krones"
"1922","4.7740 Krones"
"1923","5.4454 Krones"
"1924","5.9799 Krones"
"1925","4.7324 Krones"
"1926","3.8131 Krones"
"1927","3.7418 Krones"
"1928","3.7393 Krones"
"1929","3.7481 Krones"
"1930","3.7362 Krones"
"1931","3.9907 Krones"
"1932","5.3102 Krones"
"1933","5.2436 Krones"
"1934","4.4445 Krones"
"1935","4.5697 Krones"
"1936","4.5067 Krones"
"1937","4.5312 Krones"
"1938","4.5820 Krones"
"1939","4.9149 Krones"
"1940","5.1791 Krones"
"1946","4.7902 Krones"
"1947","4.7930 Krones"
"1948","4.7945 Krones"
"1949","5.2310 Krones"
"1950","6.8995 Krones"
"1951","6.9008 Krones"
"1952","6.9005 Krones"
"1953","6.8995 Krones"
"1954","6.9042 Krones"
"1955","6.9050 Krones"
"1956","6.9050 Krones"
"1957","6.9050 Krones"
"1958","6.9050 Krones"
"1959","6.8927 Krones"
"1960","6.8941 Krones"
"1961","6.9051 Krones"
"1962","6.9013 Krones"
"1963","6.9042 Krones"
"1964","6.9156 Krones"
"1965","6.9156 Krones"
"1966","6.9085 Krones"
"1967","6.9808 Krones"
"1968","7.4839 Krones"
"1969","7.5194 Krones"
"1970","7.4996 Krones"
"1971","7.4030 Krones"
"1972","6.9522 Krones"
"1973","6.0230 Krones"
"1974","6.0820 Krones"
"1975","5.7349 Krones"
"1976","6.0438 Krones"
"1977","6.0031 Krones"
"1978","5.5078 Krones"
"1979","5.2622 Krones"
"1980","5.6345 Krones"
"1981","7.1350 Krones"
"1982","8.3443 Krones"
"1983","9.1483 Krones"
"1984","10.3540 Krones"
"1985","10.5980 Krones"
"1986","8.0955 Krones"
"1987","6.8478 Krones"
"1988","6.7412 Krones"
"1989","7.3210 Krones"
"1990","6.1899 Krones"
"1991","6.4038 Krones"
"1992","6.0372 Krones"
"1993","6.4863 Krones"
"1994","6.3561 Krones"
"1995","5.5999 Krones"
"1996","5.8003 Krones"
"1997","6.6092 Krones"
"1998","6.7030 Krones"
"1999","6.9900 Krones"
"2000","8.0953 Krones"
"2001","8.3323 Krones"
"2002","7.8862 Krones"
"2003","6.5774 Krones"
"2004","5.9891 Krones"
"2005","5.9953 Krones"
"2006","5.9422 Krones"
"2007","5.4413 Krones"
"2008","5.0885 Krones"
"2009","5.3574 Krones"
"2010","5.6266 Krones"
"2011","5.3540 Krones"
"2012","5.7922 Krones"
"2013","5.6170 Krones"
"2014","5.6151 Krones"
"2015","6.7263 Krone"
"2016","6.7317 Krone"
"2017","6.6029 Krone"
"2018","6.3146 Krone"
"2019","6.6700 Krone"
"2020","6.5400 Krone"
"2021","6.2871 Krone"
"2022","7.1448 Krone"
"2023","6.8892 Krone"
"2024","6.8953 Krone"
"Europe, 1600 - 2025"
"1999","0.9387 Euro"
"2000","1.0832 Euro"
"2001","1.1171 Euro"
"2002","1.0578 Euro"
"2003","0.8833 Euro"
"2004","0.8040 Euro"
"2005","0.8033 Euro"
"2006","0.7960 Euro"
"2007","0.7293 Euro"
"2008","0.6791 Euro"
"2009","0.7176 Euro"
"2010","0.7178 Euro"
"2011","0.7178 Euro"
"2012","0.7776 Euro"
"2013","0.7529 Euro"
"2014","0.7520 Euro"
"2015","0.9009 Euro"
"2016","0.9039 Euro"
"2017","0.8870 Euro"
"2018","0.8468 Euro"
"2019","0.8900 Euro"
"2020","0.8800 Euro"
"2021","0.8800 Euro"
"2022","0.9509 Euro"
"2023","0.9248 Euro"
"2024","0.9246 Euro"
"Finland, 1600 - 2025"
"1921","60.3865 Old Markkaa"
"1922","46.2235 Old Markkaa"
"1923","37.2703 Old Markkaa"
"1924","39.8788 Old Markkaa"
"1925","39.6542 Old Markkaa"
"1926","39.6684 Old Markkaa"
"1927","39.6873 Old Markkaa"
"1928","39.7251 Old Markkaa"
"1929","39.7456 Old Markkaa"
"1930","39.7314 Old Markkaa"
"1931","41.8848 Old Markkaa"
"1932","64.3211 Old Markkaa"
"1933","53.4531 Old Markkaa"
"1934","44.8893 Old Markkaa"
"1935","46.2385 Old Markkaa"
"1936","45.6558 Old Markkaa"
"1937","45.8484 Old Markkaa"
"1938","46.3671 Old Markkaa"
"1939","50.1303 Old Markkaa"
"1940","53.4474 Old Markkaa"
"1941","49.7488 Old Markkaa"
"1971","4.2096 (New) Markkaa"
"1972","4.1565 (New) Markkaa"
"1973","3.8121 (New) Markkaa"
"1974","3.7643 (New) Markkaa"
"1975","3.6650 (New) Markkaa"
"1976","3.8554 (New) Markkaa"
"1977","4.0140 (New) Markkaa"
"1978","4.1090 (New) Markkaa"
"1979","3.8886 (New) Markkaa"
"1980","3.7206 (New) Markkaa"
"1981","4.3128 (New) Markkaa"
"1982","4.8086 (New) Markkaa"
"1983","5.5636 (New) Markkaa"
"1984","6.0007 (New) Markkaa"
"1985","6.1971 (New) Markkaa"
"1986","5.0722 (New) Markkaa"
"1987","4.4037 (New) Markkaa"
"1988","4.1933 (New) Markkaa"
"1989","4.2963 (New) Markkaa"
"1990","3.8300 (New) Markkaa"
"1991","4.0481 (New) Markkaa"
"1992","4.4865 (New) Markkaa"
"1993","5.7251 (New) Markkaa"
"1994","5.2340 (New) Markkaa"
"1995","4.3763 (New) Markkaa"
"1996","4.5948 (New) Markkaa"
"1997","5.1956 (New) Markkaa"
"1998","5.3473 (New) Markkaa"
"1999","6.3340 (New) Markkaa"
"France, 1600 - 2025"
"1913","5.1840 Old Francs"
"1914","5.0950 Old Francs"
"1915","5.5690 Old Francs"
"1916","5.8870 Old Francs"
"1917","5.7640 Old Francs"
"1918","5.6160 Old Francs"
"1919","7.3090 Old Francs"
"1920","14.2050 Old Francs"
"1921","13.4130 Old Francs"
"1922","12.1930 Old Francs"
"1923","16.4440 Old Francs"
"1924","19.0960 Old Francs"
"1925","20.9770 Old Francs"
"1926","30.8380 Old Francs"
"1927","25.4840 Old Francs"
"1928","25.5040 Old Francs"
"1929","25.5360 Old Francs"
"1930","25.4780 Old Francs"
"1931","25.5100 Old Francs"
"1932","25.4610 Old Francs"
"1933","19.8760 Old Francs"
"1934","15.2230 Old Francs"
"1935","15.1490 Old Francs"
"1936","16.3560 Old Francs"
"1937","24.7160 Old Francs"
"1938","34.7450 Old Francs"
"1939","39.8360 Old Francs"
"1940","48.0150 Old Francs"
"1941","2.5020 Old Francs"
"1942","1.1310 Old Francs"
"1943","1.1110 Old Francs"
"1944","1.1130 Old Francs"
"1945","50.7330 Old Francs"
"1946","118.9200 Old Francs"
"1947","118.9490 Old Francs"
"1948","308.6420 Old Francs"
"1949","331.4550 Old Francs"
"1950","349.8950 Old Francs"
"1951","350.1400 Old Francs"
"1952","350.1400 Old Francs"
"1953","350.1400 Old Francs"
"1954","350.1400 Old Francs"
"1955","350.1400 Old Francs"
"1956","350.2630 Old Francs"
"1957","420.8750 Old Francs"
"1958","421.2300 Old Francs"
"1959","490.6770 Old Francs"
"1960","4.9050 Francs"
"1961","4.9060 Francs"
"1962","4.9010 Francs"
"1963","4.9010 Francs"
"1964","4.9010 Francs"
"1965","4.9020 Francs"
"1966","4.9140 Francs"
"1967","4.9210 Francs"
"1968","4.9530 Francs"
"1969","5.1810 Francs"
"1970","5.5290 Francs"
"1971","5.5100 Francs"
"1972","5.0440 Francs"
"1973","4.4370 Francs"
"1974","4.8070 Francs"
"1975","4.2820 Francs"
"1976","4.7750 Francs"
"1977","4.9150 Francs"
"1978","4.5010 Francs"
"1979","4.2570 Francs"
"1980","4.2250 Francs"
"1981","5.4400 Francs"
"1982","6.5790 Francs"
"1983","7.6200 Francs"
"1984","8.7360 Francs"
"1985","8.9800 Francs"
"1986","6.9260 Francs"
"1987","6.0120 Francs"
"1988","5.9600 Francs"
"1989","6.3800 Francs"
"1990","5.4470 Francs"
"1991","5.6470 Francs"
"1992","5.2940 Francs"
"1993","5.6670 Francs"
"1994","5.5460 Francs"
"1995","4.9860 Francs"
"1996","5.1160 Francs"
"1997","5.8390 Francs"
"1998","5.9000 Francs"
"1999","6.9880 Francs"
"Germany, 1600 - 2025"
"1913","4.2030 Mark"
"1914","4.2300 Mark"
"1915","4.8470 Mark"
"1916","5.4950 Mark"
"1917","5.7730 Mark"
"1918","7.8620 Mark"
"1919","32.8520 Mark"
"1920","57.1100 Mark"
"1921","83.0220 Mark"
"1922","430.4780 Mark"
"1923","50000.0000 Mark"
"1924","433000000000.0000 Mark"
"1925","4.2010 Reichsmark"
"1926","4.2020 Reichsmark"
"1927","4.2080 Reichsmark"
"1928","4.1910 Reichsmark"
"1929","4.2000 Reichsmark"
"1930","4.1920 Reichsmark"
"1931","4.2320 Reichsmark"
"1932","4.2110 Reichsmark"
"1933","3.2770 Reichsmark"
"1934","2.5400 Reichsmark"
"1935","2.4840 Reichsmark"
"1936","2.4820 Reichsmark"
"1937","2.4870 Reichsmark"
"1938","2.4900 Reichsmark"
"1939","2.4960 Reichsmark"
"1940","2.4990 Reichsmark"
"1941","19.7230 Reichsmark"
"1945","1.1050 Reichsmark"
"1946","225.5300 Reichsmark"
"1947","269.1790 Reichsmark"
"1948","574.7130 Deutsche mark"
"1949","588.5820 Deutsche mark"
"1950","4.1950 Deutsche mark"
"1951","4.1950 Deutsche mark"
"1952","4.1950 Deutsche mark"
"1953","4.1950 Deutsche mark"
"1954","4.1950 Deutsche mark"
"1955","4.2080 Deutsche mark"
"1956","4.2040 Deutsche mark"
"1957","4.2020 Deutsche mark"
"1958","4.1930 Deutsche mark"
"1959","4.1800 Deutsche mark"
"1960","4.1710 Deutsche mark"
"1961","4.0160 Deutsche mark"
"1962","3.9980 Deutsche mark"
"1963","3.9870 Deutsche mark"
"1964","3.9750 Deutsche mark"
"1965","3.9940 Deutsche mark"
"1966","3.9990 Deutsche mark"
"1967","3.9870 Deutsche mark"
"1968","3.9920 Deutsche mark"
"1969","3.9230 Deutsche mark"
"1970","3.6460 Deutsche mark"
"1971","3.4760 Deutsche mark"
"1972","3.1880 Deutsche mark"
"1973","2.6480 Deutsche mark"
"1974","2.5820 Deutsche mark"
"1975","2.4550 Deutsche mark"
"1976","2.5170 Deutsche mark"
"1977","2.3210 Deutsche mark"
"1978","2.0050 Deutsche mark"
"1979","1.8340 Deutsche mark"
"1980","1.8180 Deutsche mark"
"1981","2.2630 Deutsche mark"
"1982","2.4280 Deutsche mark"
"1983","2.5540 Deutsche mark"
"1984","2.8450 Deutsche mark"
"1985","2.9420 Deutsche mark"
"1986","2.1710 Deutsche mark"
"1987","1.7980 Deutsche mark"
"1988","1.7570 Deutsche mark"
"1989","1.8810 Deutsche mark"
"1990","1.6170 Deutsche mark"
"1991","1.6610 Deutsche mark"
"1992","1.5620 Deutsche mark"
"1993","1.6550 Deutsche mark"
"1994","1.6220 Deutsche mark"
"1995","1.4320 Deutsche mark"
"1996","1.5050 Deutsche mark"
"1997","1.7350 Deutsche mark"
"1998","1.7600 Deutsche mark"
"1999","2.0840 Deutsche mark"
"Greece, 1600 - 2025"
"1915","5.2394 Old Drachmas"
"1916","5.1204 Old Drachmas"
"1917","5.0547 Old Drachmas"
"1918","5.1495 Old Drachmas"
"1921","19.8961 Old Drachmas"
"1922","30.2489 Old Drachmas"
"1923","58.3397 Old Drachmas"
"1924","55.8659 Old Drachmas"
"1925","64.0451 Old Drachmas"
"1926","79.4976 Old Drachmas"
"1927","75.9128 Old Drachmas"
"1928","76.6636 Old Drachmas"
"1929","77.3156 Old Drachmas"
"1930","77.1665 Old Drachmas"
"1931","77.3635 Old Drachmas"
"1932","120.1920 Old Drachmas"
"1933","138.2550 Old Drachmas"
"1934","106.3600 Old Drachmas"
"1935","106.5420 Old Drachmas"
"1936","107.6540 Old Drachmas"
"1937","110.4360 Old Drachmas"
"1938","111.6320 Old Drachmas"
"1939","122.6540 Old Drachmas"
"1940","148.9200 Old Drachmas"
"1982","66.8720 Drachmas"
"1983","87.8950 Drachmas"
"1984","112.7300 Drachmas"
"1985","138.4000 Drachmas"
"1986","139.9300 Drachmas"
"1987","135.4700 Drachmas"
"1988","142.0000 Drachmas"
"1989","162.6000 Drachmas"
"1990","158.5900 Drachmas"
"1991","182.6300 Drachmas"
"1992","190.8100 Drachmas"
"1993","229.6400 Drachmas"
"1994","242.5000 Drachmas"
"1995","231.6800 Drachmas"
"1996","240.8200 Drachmas"
"1997","273.2800 Drachmas"
"1998","295.7000 Drachmas"
"1999","306.3000 Drachmas"
"Hong Kong, 1600 - 2025"
"1916","1.9530 Hong Kong Dollars"
"1917","1.5604 Hong Kong Dollars"
"1918","1.2733 Hong Kong Dollars"
"1921","1.9126 Hong Kong Dollars"
"1922","1.7949 Hong Kong Dollars"
"1923","1.8904 Hong Kong Dollars"
"1924","1.9059 Hong Kong Dollars"
"1925","1.7693 Hong Kong Dollars"
"1926","1.8752 Hong Kong Dollars"
"1927","2.0322 Hong Kong Dollars"
"1928","1.9971 Hong Kong Dollars"
"1929","2.1201 Hong Kong Dollars"
"1930","2.9539 Hong Kong Dollars"
"1931","4.1101 Hong Kong Dollars"
"1932","4.2625 Hong Kong Dollars"
"1933","3.3954 Hong Kong Dollars"
"1934","2.5829 Hong Kong Dollars"
"1935","2.0739 Hong Kong Dollars"
"1936","3.1535 Hong Kong Dollars"
"1937","3.2579 Hong Kong Dollars"
"1938","3.2833 Hong Kong Dollars"
"1939","3.6424 Hong Kong Dollars"
"1940","4.3557 Hong Kong Dollars"
"1941","4.0663 Hong Kong Dollars"
"1981","5.5678 Hong Kong Dollars"
"1982","6.0697 Hong Kong Dollars"
"1983","7.2569 Hong Kong Dollars"
"1984","7.8188 Hong Kong Dollars"
"1985","7.7911 Hong Kong Dollars"
"1986","7.8038 Hong Kong Dollars"
"1987","7.7986 Hong Kong Dollars"
"1988","7.8072 Hong Kong Dollars"
"1989","7.8008 Hong Kong Dollars"
"1990","7.7899 Hong Kong Dollars"
"1991","7.7712 Hong Kong Dollars"
"1992","7.7402 Hong Kong Dollars"
"1993","7.7357 Hong Kong Dollars"
"1994","7.7290 Hong Kong Dollars"
"1995","7.7357 Hong Kong Dollars"
"1996","7.7345 Hong Kong Dollars"
"1997","7.7431 Hong Kong Dollars"
"1998","7.7467 Hong Kong Dollars"
"1999","7.7594 Hong Kong Dollars"
"2000","7.7924 Hong Kong Dollars"
"2001","7.7997 Hong Kong Dollars"
"2002","7.7996 Hong Kong Dollars"
"2003","7.7875 Hong Kong Dollars"
"2004","7.7891 Hong Kong Dollars"
"2005","7.7775 Hong Kong Dollars"
"2006","7.7681 Hong Kong Dollars"
"2007","7.8016 Hong Kong Dollars"
"2008","7.7862 Hong Kong Dollars"
"2009","7.7514 Hong Kong Dollars"
"2010","7.7687 Hong Kong Dollars"
"2011","7.7840 Hong Kong Dollars"
"2012","7.7569 Hong Kong Dollars"
"2013","7.7565 Hong Kong Dollars"
"2014","7.7545 Hong Kong Dollars"
"2015","7.7524 Hong Kong Dollars"
"2016","7.7623 Hong Kong Dollars"
"2017","7.7933 Hong Kong Dollars"
"2018","7.8385 Hong Kong Dollars"
"2019","7.8400 Hong Kong Dollars"
"2020","7.7600 Hong Kong Dollars"
"2021","7.7732 Hong Kong Dollars"
"2022","7.8314 Hong Kong Dollars"
"2023","7.8296 Hong Kong Dollars"
"2024","7.8030 Hong Kong Dollars"
"India, 1600 - 2025"
"1916","3.04 Rupee"
"1917","2.92 Rupee"
"1918","2.72 Rupee"
"1919","2.48 Rupee"
"1920","2.57 Rupee"
"1921","3.81 Rupee"
"1922","3.48 Rupee"
"1923","3.21 Rupee"
"1924","3.15 Rupee"
"1925","2.76 Rupee"
"1926","2.75 Rupee"
"1927","2.75 Rupee"
"1928","2.74 Rupee"
"1929","2.76 Rupee"
"1930","2.77 Rupee"
"1931","2.97 Rupee"
"1932","3.80 Rupee"
"1933","3.14 Rupee"
"1934","2.64 Rupee"
"1935","2.71 Rupee"
"1936","2.67 Rupee"
"1937","2.68 Rupee"
"1938","2.73 Rupee"
"1939","3.00 Rupee"
"1940","3.32 Rupee"
"1941","3.32 Rupee"
"1942","3.32 Rupee"
"1943","3.32 Rupee"
"1944","3.32 Rupee"
"1945","3.32 Rupee"
"1946","3.32 Rupee"
"1947","3.32 Rupee"
"1948","3.31 Rupee"
"1949","3.61 Rupee"
"1950","4.79 Rupee"
"1951","4.79 Rupee"
"1952","4.78 Rupee"
"1953","4.75 Rupee"
"1954","4.76 Rupee"
"1955","4.79 Rupee"
"1956","4.78 Rupee"
"1957","4.78 Rupee"
"1958","4.75 Rupee"
"1959","4.75 Rupee"
"1960","4.77 Rupee"
"1961","4.77 Rupee"
"1962","4.76 Rupee"
"1963","4.77 Rupee"
"1964","4.78 Rupee"
"1965","4.78 Rupee"
"1966","6.03 Rupee"
"1967","7.54 Rupee"
"1968","7.54 Rupee"
"1969","7.56 Rupee"
"1970","7.56 Rupee"
"1971","7.50 Rupee"
"1972","7.55 Rupee"
"1973","8.28 Rupee"
"1974","8.03 Rupee"
"1975","8.39 Rupee"
"1976","8.97 Rupee"
"1977","8.77 Rupee"
"1978","8.19 Rupee"
"1979","8.16 Rupee"
"1980","7.89 Rupee"
"1981","8.68 Rupee"
"1982","9.48 Rupee"
"1983","10.10 Rupee"
"1984","11.35 Rupee"
"1985","12.33 Rupee"
"1986","12.60 Rupee"
"1987","12.94 Rupee"
"1988","13.90 Rupee"
"1989","16.21 Rupee"
"1990","17.49 Rupee"
"1991","22.71 Rupee"
"1992","28.16 Rupee"
"1993","31.29 Rupee"
"1994","31.39 Rupee"
"1995","32.42 Rupee"
"1996","35.51 Rupee"
"1997","36.37 Rupee"
"1998","41.36 Rupee"
"1999","43.13 Rupee"
"2000","45.00 Rupee"
"2001","47.22 Rupee"
"2002","48.63 Rupee"
"2003","46.59 Rupee"
"2004","45.26 Rupee"
"2005","44.00 Rupee"
"2006","45.19 Rupee"
"2007","41.18 Rupee"
"2008","43.39 Rupee"
"2009","48.33 Rupee"
"2010","45.65 Rupee"
"2011","45.58 Rupee"
"2011","46.58 Rupee"
"2012","53.37 Rupee"
"2013","58.51 Rupee"
"2014","61.00 Rupee"
"2015","64.11 Rupee"
"2016","67.20 Rupee"
"2017","65.12 Rupee"
"2018","68.40 Rupee"
"2019","70.42 Rupee"
"2020","74.10 Rupee"
"2021","73.92 Rupee"
"2022","78.60 Rupee"
"2023","82.60 Rupee"
"2024","83.68 Rupee"
"Indonesia, 1600 - 2025"
"1967","149.6 Rupiah"
"1968","296.3 Rupiah"
"1969","326.0 Rupiah"
"1970","362.8 Rupiah"
"1971","391.9 Rupiah"
"1972","415.0 Rupiah"
"1973","415.0 Rupiah"
"1974","415.0 Rupiah"
"1975","415.0 Rupiah"
"1976","415.0 Rupiah"
"1977","415.0 Rupiah"
"1978","442.0 Rupiah"
"1979","623.1 Rupiah"
"1980","627.0 Rupiah"
"1981","631.8 Rupiah"
"1982","661.4 Rupiah"
"1983","909.3 Rupiah"
"1984","1025.9 Rupiah"
"1985","1110.6 Rupiah"
"1986","1282.6 Rupiah"
"1987","1643.8 Rupiah"
"1988","1685.7 Rupiah"
"1989","1770.1 Rupiah"
"1990","1842.8 Rupiah"
"1991","1950.3 Rupiah"
"1992","2029.9 Rupiah"
"1993","2087.1 Rupiah"
"1994","2160.8 Rupiah"
"1995","2248.6 Rupiah"
"1996","2342.3 Rupiah"
"1997","2909.4 Rupiah"
"1998","10013.6 Rupiah"
"1999","7855.2 Rupiah"
"2000","8421.8 Rupiah"
"2001","10260.9 Rupiah"
"2002","9311.2 Rupiah"
"2003","8577.1 Rupiah"
"2004","8938.9 Rupiah"
"2005","9704.7 Rupiah"
"2006","9159.3 Rupiah"
"2007","9143.4 Rupiah"
"2007","9141.0 Rupiah"
"2008","9699.0 Rupiah"
"2009","10389.9 Rupiah "
"2010","9090.4 Rupiah"
"2011","8770.4 Rupiah"
"2012","9386.6 Rupiah "
"2013","10461.2 Rupiah"
"2014","11865.2 Rupiah"
"2015","13389.4 Rupiah"
"2016","13308.3 Rupiah"
"2017","13380.9 Rupiah"
"2018","14236.9 Rupiah"
"2019","14147.7 Rupiah"
"2020","14582.2 Rupiah"
"2021","14308.1 Rupiah"
"2022","14849.9 Rupiah"
"2023","15236.9 Rupiah"
"2024","15852.1 Rupiah"
"Ireland, 1600 - 2025"
"1951","0.3567 Irish Pounds"
"1952","0.3576 Irish Pounds"
"1953","0.3555 Irish Pounds"
"1954","0.3560 Irish Pounds"
"1955","0.3583 Irish Pounds"
"1956","0.3577 Irish Pounds"
"1957","0.3580 Irish Pounds"
"1958","0.3559 Irish Pounds"
"1959","0.3560 Irish Pounds"
"1960","0.3562 Irish Pounds"
"1961","0.3569 Irish Pounds"
"1962","0.3562 Irish Pounds"
"1963","0.3571 Irish Pounds"
"1964","0.3582 Irish Pounds"
"1965","0.3577 Irish Pounds"
"1966","0.3580 Irish Pounds"
"1967","0.3636 Irish Pounds"
"1968","0.4178 Irish Pounds"
"1969","0.4184 Irish Pounds"
"1970","0.4174 Irish Pounds"
"1971","0.4091 Irish Pounds"
"1972","0.3999 Irish Pounds"
"1973","0.4080 Irish Pounds"
"1974","0.4273 Irish Pounds"
"1975","0.4501 Irish Pounds"
"1976","0.5541 Irish Pounds"
"1977","0.5731 Irish Pounds"
"1978","0.5213 Irish Pounds"
"1979","0.4886 Irish Pounds"
"1980","0.4860 Irish Pounds"
"1981","0.6199 Irish Pounds"
"1982","0.7040 Irish Pounds"
"1983","0.8012 Irish Pounds"
"1984","0.9205 Irish Pounds"
"1985","0.9379 Irish Pounds"
"1986","0.7455 Irish Pounds"
"1987","0.6721 Irish Pounds"
"1988","0.6558 Irish Pounds"
"1989","0.7052 Irish Pounds"
"1990","0.6033 Irish Pounds"
"1991","0.6196 Irish Pounds"
"1992","0.5868 Irish Pounds"
"1993","0.6827 Irish Pounds"
"1994","0.6680 Irish Pounds"
"1995","0.6236 Irish Pounds"
"1996","0.6252 Irish Pounds"
"1997","0.6595 Irish Pounds"
"1998","0.7019 Irish Pounds"
"1999","1.1919 Irish Pounds"
"Israel, 1600 - 2025"
"1948","0.2497 Israeli Pounds"
"1949","0.3596 Israeli Pounds"
"1950","0.3596 Israeli Pounds"
"1951","0.3596 Israeli Pounds"
"1952","0.3596 Israeli Pounds"
"1953","0.9989 Israeli Pounds"
"1954","1.8000 Israeli Pounds"
"1955","1.8000 Israeli Pounds"
"1956","1.8000 Israeli Pounds"
"1957","1.8000 Israeli Pounds"
"1958","1.8000 Israeli Pounds"
"1959","1.8000 Israeli Pounds"
"1960","1.8000 Israeli Pounds"
"1961","1.8000 Israeli Pounds"
"1962","2.9000 Israeli Pounds"
"1963","3.0000 Israeli Pounds"
"1964","3.0000 Israeli Pounds"
"1965","3.0000 Israeli Pounds"
"1966","3.0000 Israeli Pounds"
"1967","3.0833 Israeli Pounds"
"1968","3.5000 Israeli Pounds"
"1969","3.5000 Israeli Pounds"
"1970","3.5000 Israeli Pounds"
"1971","4.2000 Israeli Pounds"
"1972","4.1798 Israeli Pounds"
"1973","4.1947 Israeli Pounds"
"1974","4.4515 Israeli Pounds"
"1975","6.3361 Israeli Pounds"
"1976","7.9256 Israeli Pounds"
"1977","10.4455 Israeli Pounds"
"1978","17.4354 Israeli Pounds"
"1979","25.4064 Israeli Pounds"
"1980","5.1243 Old Sheqalim"
"1981","11.4306 Old Sheqalim"
"1982","24.2670 Old Sheqalim"
"1983","56.2145 Old Sheqalim"
"1984","293.2100 Old Sheqalim"
"1985","1178.8500 Old Sheqalim"
"1986","1.4878 New Shequalim"
"1987","1.5946 New Shequalim"
"1988","1.5989 New Shequalim"
"1989","1.9164 New Shequalim"
"1990","2.0162 New Shequalim"
"1991","2.2791 New Shequalim"
"1992","2.4591 New Shequalim"
"1993","2.8301 New Shequalim"
"1994","3.0111 New Shequalim"
"1995","3.0113 New Shequalim"
"1996","3.1917 New Shequalim"
"1997","3.4494 New Shequalim"
"1998","3.8001 New Shequalim"
"1999","4.1397 New Shequalim"
"2000","4.0773 New Shequalim"
"2001","4.2057 New Shequalim"
"2002","4.7378 New Shequalim"
"2003","4.5541 New Shequalim"
"2004","4.4820 New Shequalim"
"2005","4.4877 New Shequalim"
"2006","4.4558 New Shequalim"
"2007","4.1080 New Shequalim"
"2008","3.5880 New Shequalim"
"2009","3.9323 New Shequalim"
"2010","3.7390 New Shequalim"
"2011","3.5780 New Shequalim"
"2012","3.8560 New Shequalim"
"2013","3.6110 New Shequalim"
"2014","3.5780 New Shequalim"
"2015","3.8900 New Shequalim"
"2016","3.8406 New Shequalim"
"2017","3.5996 New Shequalim"
"2018","3.5906 New Shequalim"
"2019","3.5600 New Shequalim"
"2020","3.4400 New Shequalim"
"2021","3.2302 New Shequalim"
"2022","3.3598 New Shequalim"
"2023","3.6858 New Shequalim"
"2024","3.7004 New Shequalim"
"Italy, 1600 - 2025"
"1913","5.2640 Lire"
"1914","5.1950 Lire"
"1915","6.0500 Lire"
"1916","6.5500 Lire"
"1917","7.5090 Lire"
"1918","7.8620 Lire"
"1919","8.7960 Lire"
"1920","20.1210 Lire"
"1921","23.2900 Lire"
"1922","21.0270 Lire"
"1923","21.7320 Lire"
"1924","22.9460 Lire"
"1925","25.1410 Lire"
"1926","25.7110 Lire"
"1927","19.3950 Lire"
"1928","19.0220 Lire"
"1929","19.1080 Lire"
"1930","19.0930 Lire"
"1931","19.2070 Lire"
"1932","19.5110 Lire"
"1933","14.9040 Lire"
"1934","11.6800 Lire"
"1935","12.1250 Lire"
"1936","13.7140 Lire"
"1937","19.0090 Lire"
"1938","19.0100 Lire"
"1939","19.2460 Lire"
"1940","19.8390 Lire"
"1941","19.7227 Lire"
"1946","225.5300 Lire"
"1947","269.1790 Lire"
"1948","574.7130 Lire"
"1949","588.5820 Lire"
"1950","624.6100 Lire"
"1951","625.0000 Lire"
"1952","625.0000 Lire"
"1953","625.0000 Lire"
"1954","625.0000 Lire"
"1955","625.0000 Lire"
"1956","625.0000 Lire"
"1957","625.0000 Lire"
"1958","624.6100 Lire"
"1959","621.1180 Lire"
"1960","621.1180 Lire"
"1961","621.1180 Lire"
"1962","620.8480 Lire"
"1963","621.6200 Lire"
"1964","624.4540 Lire"
"1965","624.8440 Lire"
"1966","624.4540 Lire"
"1967","624.1420 Lire"
"1968","623.3640 Lire"
"1969","627.3530 Lire"
"1970","627.1560 Lire"
"1971","618.2760 Lire"
"1972","583.7030 Lire"
"1973","581.6660 Lire"
"1974","650.5330 Lire"
"1975","652.4010 Lire"
"1976","830.2890 Lire"
"1977","882.7680 Lire"
"1978","848.7520 Lire"
"1979","831.1000 Lire"
"1980","856.2000 Lire"
"1981","1138.6000 Lire"
"1982","1354.0000 Lire"
"1983","1519.3000 Lire"
"1984","1756.1000 Lire"
"1985","1908.9000 Lire"
"1986","1491.1600 Lire"
"1987","1297.0300 Lire"
"1988","1302.3900 Lire"
"1989","1372.2800 Lire"
"1990","1198.2700 Lire"
"1991","1241.2800 Lire"
"1992","1232.1700 Lire"
"1993","1573.4100 Lire"
"1994","1611.4900 Lire"
"1995","1629.4500 Lire"
"1996","1542.7600 Lire"
"1997","1703.8100 Lire"
"1998","1736.8500 Lire"
"1999","2062.7100 Lire"
"Japan, 1600 - 2025"
"1916","1.97 Yen"
"1917","1.95 Yen"
"1918","1.89 Yen"
"1919","1.95 Yen"
"1920","1.99 Yen"
"1921","2.07 Yen"
"1922","2.09 Yen"
"1923","2.06 Yen"
"1924","2.43 Yen"
"1925","2.44 Yen"
"1926","2.12 Yen"
"1927","2.11 Yen"
"1928","2.15 Yen"
"1929","2.17 Yen"
"1930","2.02 Yen"
"1931","2.05 Yen"
"1932","3.56 Yen"
"1933","3.90 Yen"
"1934","3.37 Yen"
"1935","3.48 Yen"
"1936","3.45 Yen"
"1937","3.47 Yen"
"1938","3.52 Yen"
"1939","3.85 Yen"
"1940","4.27 Yen"
"1941","4.27 Yen"
"1956","359.84 Yen"
"1957","359.84 Yen"
"1958","359.84 Yen"
"1959","359.97 Yen"
"1960","359.97 Yen"
"1961","361.14 Yen"
"1962","360.86 Yen"
"1963","361.49 Yen"
"1964","361.99 Yen"
"1965","361.51 Yen"
"1966","362.35 Yen"
"1967","362.15 Yen"
"1968","360.56 Yen"
"1969","358.38 Yen"
"1970","358.15 Yen"
"1971","347.48 Yen"
"1972","303.08 Yen"
"1973","270.89 Yen"
"1974","291.53 Yen"
"1975","296.69 Yen"
"1976","296.38 Yen"
"1977","267.80 Yen"
"1978","208.42 Yen"
"1979","219.02 Yen"
"1980","226.63 Yen"
"1981","220.63 Yen"
"1982","249.06 Yen"
"1983","237.55 Yen"
"1984","237.45 Yen"
"1985","238.47 Yen"
"1986","168.35 Yen"
"1987","144.60 Yen"
"1988","128.17 Yen"
"1989","138.07 Yen"
"1990","145.00 Yen"
"1991","134.59 Yen"
"1992","126.78 Yen"
"1993","111.08 Yen"
"1994","102.18 Yen"
"1995","93.96 Yen"
"1996","108.78 Yen"
"1997","121.06 Yen"
"1998","130.99 Yen"
"1999","113.73 Yen"
"2000","107.80 Yen"
"2001","121.57 Yen"
"2002","125.22 Yen"
"2003","115.94 Yen"
"2004","108.15 Yen"
"2005","110.11 Yen"
"2006","116.31 Yen"
"2007","117.76 Yen"
"2008","103.39 Yen"
"2009","93.68 Yen"
"2010","87.78 Yen"
"2011","79.70 Yen"
"2012","79.82 Yen"
"2013","97.60 Yen"
"2014","105.74 Yen"
"2015","121.04 Yen"
"2016","108.79 Yen"
"2017","112.17 Yen"
"2018","110.42 Yen"
"2019","109.01 Yen"
"2020","106.77 Yen"
"2021","109.75 Yen"
"2022","131.50 Yen"
"2023","140.49 Yen"
"2024","151.44 Yen"
"Korea, 1600 - 2025"
"1982","731.93 Won"
"1983","776.04 Won"
"1984","807.91 Won"
"1985","861.89 Won"
"1986","884.63 Won"
"1987","825.94 Won"
"1988","734.52 Won"
"1989","674.29 Won"
"1990","710.64 Won"
"1991","736.73 Won"
"1992","784.66 Won"
"1993","805.75 Won"
"1994","806.93 Won"
"1995","772.69 Won"
"1996","805.00 Won"
"1997","947.65 Won"
"1998","1400.40 Won"
"1999","1189.84 Won"
"2000","1130.90 Won"
"2001","1292.01 Won"
"2002","1250.31 Won"
"2003","1192.08 Won"
"2004","1145.24 Won"
"2005","1023.75 Won"
"2006","954.32 Won"
"2007","928.97 Won"
"2008","1098.71 Won"
"2009","1274.63 Won"
"2010","0.00 Won"
"2010","1155.74 Won"
"2011","1106.94 Won"
"2012","1126.16 Won"
"2013","1094.67 Won"
"2014","1052.29 Won"
"2015","1131.16 Won"
"2016","1160.43 Won"
"2017","1130.42 Won"
"2018","1100.56 Won"
"2019","1165.36 Won"
"2020","1180.28 Won"
"2021","1143.95 Won"
"2022","1292.03 Won"
"2023","1305.84 Won"
"2024","1363.53 Won"
"Malaysia, 1600 - 2025"
"1921","2.2810 Straits Settlements Dollar"
"1922","1.9695 Straits Settlements Dollar"
"1923","1.8692 Straits Settlements Dollar"
"1924","1.9511 Straits Settlements Dollar"
"1925","1.7808 Straits Settlements Dollar"
"1926","1.7771 Straits Settlements Dollar"
"1927","1.7842 Straits Settlements Dollar"
"1928","1.7767 Straits Settlements Dollar"
"1929","1.7853 Straits Settlements Dollar"
"1930","1.7869 Straits Settlements Dollar"
"1931","1.9068 Straits Settlements Dollar"
"1932","2.4754 Straits Settlements Dollar"
"1933","2.0312 Straits Settlements Dollar"
"1934","1.6948 Straits Settlements Dollar"
"1935","1.7491 Straits Settlements Dollar"
"1936","1.7165 Straits Settlements Dollar"
"1937","1.7249 Straits Settlements Dollar"
"1938","1.7569 Straits Settlements Dollar"
"1939","1.9329 Straits Settlements Dollar"
"1940","2.1286 Straits Settlements Dollar"
"1941","2.1216 Straits Settlements Dollar"
"1942","2.1314 Straits Settlements Dollar"
"1949","2.3270 Straits Settlements Dollar"
"1950","3.0499 Straits Settlements Dollar"
"1951","3.0443 Straits Settlements Dollar"
"1952","3.0673 Malayan Dollar"
"1953","3.0680 Malayan Dollar"
"1954","3.0636 Malayan Dollar"
"1955","3.0652 Malayan Dollar"
"1956","3.0692 Malayan Dollar"
"1957","3.0744 Malayan Dollar"
"1958","3.0518 Malayan Dollar"
"1959","3.0435 Malayan Dollar"
"1960","3.0472 Malayan Dollar"
"1961","3.0619 Malayan Dollar"
"1962","3.0528 Malayan Dollar"
"1963","3.0615 Malayan Dollar"
"1964","3.0707 Malayan Dollar"
"1965","3.0666 Malayan Dollar"
"1966","3.0733 Malayan Dollar"
"1967","3.0751 Malaysian Dollar"
"1968","3.0683 Malaysian Dollar"
"1969","3.0653 Malaysian Dollar"
"1970","3.0868 Malaysian Dollar"
"1971","3.0313 Malaysian Dollar"
"1972","2.8082 Malaysian Dollar"
"1973","2.4397 Malaysian Dollar"
"1974","2.3991 Malaysian Dollar"
"1975","2.3950 Malaysian Dollar"
"1976","2.5419 Ringgit"
"1977","2.4618 Ringgit"
"1978","2.3143 Ringgit"
"1979","2.1721 Ringgit"
"1980","2.1767 Ringgit"
"1981","2.3048 Ringgit"
"1982","2.3395 Ringgit"
"1983","2.3204 Ringgit"
"1984","2.3448 Ringgit"
"1985","2.4806 Ringgit"
"1986","2.5831 Ringgit"
"1987","2.5186 Ringgit"
"1988","2.6190 Ringgit"
"1989","2.7079 Ringgit"
"1990","2.7057 Ringgit"
"1991","2.7503 Ringgit"
"1992","2.5463 Ringgit"
"1993","2.5738 Ringgit"
"1994","2.6237 Ringgit"
"1995","2.5073 Ringgit"
"1996","2.5154 Ringgit"
"1997","2.8173 Ringgit"
"1998","3.9254 Ringgit"
"1999","3.8000 Ringgit"
"2000","3.8000 Ringgit"
"2001","3.8000 Ringgit"
"2002","3.8000 Ringgit"
"2003","3.8000 Ringgit"
"2004","3.8000 Ringgit"
"2005","3.7869 Ringgit"
"2006","3.6661 Ringgit"
"2007","3.4354 Ringgit"
"2008","3.3292 Ringgit"
"2009","3.5231 Ringgit"
"2010","3.2175 Ringgit"
"2011","3.0564 Ringgit"
"2012","3.0862 Ringgit"
"2013","3.1488 Ringgit"
"2014","3.2729 Ringgit"
"2015","3.9100 Ringgit"
"2016","3.2729 Ringgit"
"2017","4.3004 Ringgit"
"2018","4.0351 Ringgit"
"2019","4.1400 Ringgit"
"2020","4.2000 Ringgit"
"2021","4.1433 Ringgit"
"2022","4.4011 Ringgit"
"2023","4.5606 Ringgit"
"Mexico, 1600 - 2025"
"1921","2.058 Old Pesos"
"1922","2.053 Old Pesos"
"1923","2.060 Old Pesos"
"1924","2.061 Old Pesos"
"1925","2.025 Old Pesos"
"1926","2.070 Old Pesos"
"1927","2.118 Old Pesos"
"1928","2.079 Old Pesos"
"1929","2.075 Old Pesos"
"1930","2.122 Old Pesos"
"1931","2.099 Old Pesos"
"1932","3.140 Old Pesos"
"1933","3.558 Old Pesos"
"1934","3.605 Old Pesos"
"1935","3.600 Old Pesos"
"1936","3.602 Old Pesos"
"1937","3.604 Old Pesos"
"1938","4.520 Old Pesos"
"1939","5.181 Old Pesos"
"1940","5.392 Old Pesos"
"1941","4.869 Old Pesos"
"1942","4.862 Old Pesos"
"1943","4.860 Old Pesos"
"1944","4.859 Old Pesos"
"1945","4.859 Old Pesos"
"1946","4.859 Old Pesos"
"1947","4.860 Old Pesos"
"1948","5.302 Old Pesos"
"1949","7.924 Old Pesos"
"1950","8.643 Old Pesos"
"1951","8.648 Old Pesos"
"1952","8.630 Old Pesos"
"1953","8.615 Old Pesos"
"1954","11.048 Old Pesos"
"1955","12.491 Old Pesos"
"1956","12.491 Old Pesos"
"1957","12.491 Old Pesos"
"1958","12.491 Old Pesos"
"1959","12.491 Old Pesos"
"1960","12.491 Old Pesos"
"1961","12.491 Old Pesos"
"1962","12.491 Old Pesos"
"1963","12.491 Old Pesos"
"1964","12.491 Old Pesos"
"1965","12.491 Old Pesos"
"1966","12.491 Old Pesos"
"1967","12.491 Old Pesos"
"1968","12.491 Old Pesos"
"1969","12.491 Old Pesos"
"1970","12.491 Old Pesos"
"1971","12.491 Old Pesos"
"1972","12.500 Old Pesos"
"1973","12.500 Old Pesos"
"1974","12.500 Old Pesos"
"1975","12.500 Old Pesos"
"1976","14.459 Old Pesos"
"1977","22.605 Old Pesos"
"1978","22.781 Old Pesos"
"1979","22.816 Old Pesos"
"1980","22.968 Old Pesos"
"1981","24.547 Old Pesos"
"1982","72.990 Old Pesos"
"1983","155.010 Old Pesos"
"1984","192.310 Old Pesos"
"1985","256.872 Old Pesos"
"1986","611.773 Old Pesos"
"1987","1378.180 Old Pesos"
"1988","2273.100 Old Pesos"
"1989","2461.470 Old Pesos"
"1990","2812.600 Old Pesos"
"1991","3018.430 Old Pesos"
"1992","3094.900 Old Pesos"
"1993","3.124 Pesos"
"1994","3.385 Pesos"
"1995","6.447 Pesos"
"1996","7.600 Pesos"
"1997","7.918 Pesos"
"1998","9.152 Pesos"
"1999","9.553 Pesos"
"2000","9.459 Pesos"
"2001","9.337 Pesos"
"2002","9.663 Pesos"
"2003","10.793 Pesos"
"2004","11.290 Pesos"
"2005","10.894 Pesos"
"2006","10.906 Pesos"
"2007","10.928 Pesos"
"2008","11.143 Pesos"
"2009","13.498 Pesos"
"2010","12.623 Pesos"
"2011","12.427 Pesos"
"2012","13.154 Pesos"
"2013","12.758 Pesos"
"2014","13.302 Pesos"
"2015","15.873 Peso"
"2016","18.664 Peso"
"2017","18.927 Peso"
"2018","19.244 Peso"
"2019","19.260 Peso"
"2020","21.490 Peso"
"2021","20.272 Peso"
"2022","20.127 Peso"
"2023","17.759 Peso"
"2024","18.273 Peso"
"Netherlands, 1600 - 2025"
"1913","2.4925 Guilder"
"1914","2.4622 Guilder"
"1915","2.4696 Guilder"
"1916","2.3915 Guilder"
"1917","2.3826 Guilder"
"1918","2.1256 Guilder"
"1919","2.5545 Guilder"
"1920","2.9054 Guilder"
"1921","2.9720 Guilder"
"1922","2.5976 Guilder"
"1923","2.5575 Guilder"
"1924","2.6170 Guilder"
"1925","2.4900 Guilder"
"1926","2.4939 Guilder"
"1927","2.4934 Guilder"
"1928","2.4861 Guilder"
"1929","2.4899 Guilder"
"1930","2.4860 Guilder"
"1931","2.4857 Guilder"
"1932","2.4817 Guilder"
"1933","1.9334 Guilder"
"1934","1.4841 Guilder"
"1935","1.4768 Guilder"
"1936","1.5509 Guilder"
"1937","1.8167 Guilder"
"1938","1.8179 Guilder"
"1939","1.8749 Guilder"
"1940","1.8822 Guilder"
"1945","2.6362 Guilder"
"1946","2.6446 Guilder"
"1947","2.6483 Guilder"
"1948","2.6548 Guilder"
"1949","2.8962 Guilder"
"1950","3.8092 Guilder"
"1951","3.8075 Guilder"
"1952","3.8002 Guilder"
"1953","3.7965 Guilder"
"1954","3.7907 Guilder"
"1955","3.8124 Guilder"
"1956","3.8295 Guilder"
"1957","3.8211 Guilder"
"1958","3.7852 Guilder"
"1959","3.7747 Guilder"
"1960","3.7718 Guilder"
"1961","3.6291 Guilder"
"1962","3.6029 Guilder"
"1963","3.6010 Guilder"
"1964","3.6070 Guilder"
"1965","3.6005 Guilder"
"1966","3.6193 Guilder"
"1967","3.6024 Guilder"
"1968","3.6198 Guilder"
"1969","3.6242 Guilder"
"1970","3.6165 Guilder"
"1971","3.4904 Guilder"
"1972","3.2100 Guilder"
"1973","2.7795 Guilder"
"1974","2.6833 Guilder"
"1975","2.5232 Guilder"
"1976","2.6423 Guilder"
"1977","2.4539 Guilder"
"1978","2.1606 Guilder"
"1979","2.0072 Guilder"
"1980","1.9875 Guilder"
"1981","2.4998 Guilder"
"1982","2.6719 Guilder"
"1983","2.8543 Guilder"
"1984","3.2083 Guilder"
"1985","3.3184 Guilder"
"1986","2.4485 Guilder"
"1987","2.0264 Guilder"
"1988","1.9778 Guilder"
"1989","2.1219 Guilder"
"1990","1.8215 Guilder"
"1991","1.8720 Guilder"
"1992","1.7587 Guilder"
"1993","1.8585 Guilder"
"1994","1.8190 Guilder"
"1995","1.6044 Guilder"
"1996","1.6863 Guilder"
"1997","1.9525 Guilder"
"1998","1.9837 Guilder"
"1999","2.3476 Guilder"
"New Zealand, 1600 - 2025"
"1928","0.2064 New Zealand Pounds"
"1929","0.2069 New Zealand Pounds"
"1930","0.2136 New Zealand Pounds"
"1931","0.2408 New Zealand Pounds"
"1932","0.3123 New Zealand Pounds"
"1933","0.2941 New Zealand Pounds"
"1934","0.2485 New Zealand Pounds"
"1935","0.2556 New Zealand Pounds"
"1936","0.2507 New Zealand Pounds"
"1937","0.2519 New Zealand Pounds"
"1938","0.2549 New Zealand Pounds"
"1939","0.2818 New Zealand Pounds"
"1940","0.3264 New Zealand Pounds"
"1941","0.3100 New Zealand Pounds"
"1942","0.3098 New Zealand Pounds"
"1943","0.3084 New Zealand Pounds"
"1944","0.3082 New Zealand Pounds"
"1945","0.3092 New Zealand Pounds"
"1946","0.3100 New Zealand Pounds"
"1947","0.3103 New Zealand Pounds"
"1948","0.2853 New Zealand Pounds"
"1949","0.2739 New Zealand Pounds"
"1950","0.3606 New Zealand Pounds"
"1951","0.3608 New Zealand Pounds"
"1952","0.3617 New Zealand Pounds"
"1953","0.3591 New Zealand Pounds"
"1954","0.3596 New Zealand Pounds"
"1955","0.3618 New Zealand Pounds"
"1956","0.3613 New Zealand Pounds"
"1957","0.3616 New Zealand Pounds"
"1958","0.3595 New Zealand Pounds"
"1959","0.3596 New Zealand Pounds"
"1960","0.3597 New Zealand Pounds"
"1961","0.3604 New Zealand Pounds"
"1962","0.3597 New Zealand Pounds"
"1963","0.3607 New Zealand Pounds"
"1964","0.3617 New Zealand Pounds"
"1965","0.3612 New Zealand Pounds"
"1966","0.3616 New Zealand Pounds"
"1967","0.3696 New Zealand Pounds"
"1968","0.8979 New Zealand Dollar"
"1969","0.8992 New Zealand Dollar"
"1970","0.8970 New Zealand Dollar"
"1971","0.8794 New Zealand Dollar"
"1972","0.8379 New Zealand Dollar"
"1973","0.7351 New Zealand Dollar"
"1974","0.6666 New Zealand Dollar"
"1975","0.8254 New Zealand Dollar"
"1976","1.0089 New Zealand Dollar"
"1977","1.0321 New Zealand Dollar"
"1978","0.9649 New Zealand Dollar"
"1979","0.9782 New Zealand Dollar"
"1980","1.0273 New Zealand Dollar"
"1981","1.1514 New Zealand Dollar"
"1982","1.3315 New Zealand Dollar"
"1983","1.4972 New Zealand Dollar"
"1984","1.7290 New Zealand Dollar"
"1985","2.0100 New Zealand Dollar"
"1986","1.9063 New Zealand Dollar"
"1987","1.6855 New Zealand Dollar"
"1988","1.5253 New Zealand Dollar"
"1989","1.6724 New Zealand Dollar"
"1990","1.6773 New Zealand Dollar"
"1991","1.7291 New Zealand Dollar"
"1992","1.8590 New Zealand Dollar"
"1993","1.8475 New Zealand Dollar"
"1994","1.6847 New Zealand Dollar"
"1995","1.5238 New Zealand Dollar"
"1996","1.4542 New Zealand Dollar"
"1997","1.5095 New Zealand Dollar"
"1998","1.8653 New Zealand Dollar"
"1999","1.8889 New Zealand Dollar"
"2000","2.1891 New Zealand Dollar"
"2001","2.3798 New Zealand Dollar"
"2002","2.1529 New Zealand Dollar"
"2003","1.7176 New Zealand Dollar"
"2004","1.5053 New Zealand Dollar"
"2005","1.4186 New Zealand Dollar"
"2006","1.5404 New Zealand Dollar"
"2007","1.3578 New Zealand Dollar"
"2008","1.3984 New Zealand Dollar"
"2009","1.5728 New Zealand Dollar"
"2010","1.3858 New Zealand Dollar"
"2011","1.2630 New Zealand Dollar"
"2012","1.2338 New Zealand Dollar"
"2013","1.2189 New Zealand Dollar"
"2014","1.2029 New Zealand Dollar"
"2015","1.4284 New Zealand Dollar"
"2016","1.4365 New Zealand Dollar"
"2017","1.4074 New Zealand Dollar"
"2018","1.4453 New Zealand Dollar"
"2019","1.5269 New Zealand Dollar"
"2020","1.5400 New Zealand Dollar"
"2021","1.4138 New Zealand Dollar"
"2022","1.5772 New Zealand Dollar"
"2023","1.6289 New Zealand Dollar"
"2024","1.6536 New Zealand Dollar"
"Norway, 1600 - 2025"
"1915","3.8641 Kroner"
"1916","3.4931 Kroner"
"1917","3.2714 Kroner"
"1918","3.2423 Kroner"
"1919","4.0690 Kroner"
"1920","6.0496 Kroner"
"1921","6.7084 Kroner"
"1922","5.7138 Kroner"
"1923","5.9984 Kroner"
"1924","7.1734 Kroner"
"1925","5.5917 Kroner"
"1926","4.4773 Kroner"
"1927","3.8391 Kroner"
"1928","3.7471 Kroner"
"1929","3.7477 Kroner"
"1930","3.7370 Kroner"
"1931","3.9913 Kroner"
"1932","5.5544 Kroner"
"1933","4.6665 Kroner"
"1934","3.9501 Kroner"
"1935","4.0606 Kroner"
"1936","4.0042 Kroner"
"1937","4.0258 Kroner"
"1938","4.0707 Kroner"
"1939","4.3055 Kroner"
"1940","4.4035 Kroner"
"1946","4.9563 Kroner"
"1947","4.9603 Kroner"
"1948","4.9607 Kroner"
"1949","5.4111 Kroner"
"1950","7.1350 Kroner"
"1951","7.1350 Kroner"
"1952","7.1350 Kroner"
"1953","7.1350 Kroner"
"1954","7.1388 Kroner"
"1955","7.1388 Kroner"
"1956","7.1388 Kroner"
"1957","7.1388 Kroner"
"1958","7.1387 Kroner"
"1959","7.1288 Kroner"
"1960","7.1337 Kroner"
"1961","7.1429 Kroner"
"1962","7.1378 Kroner"
"1963","7.1495 Kroner"
"1964","7.1572 Kroner"
"1965","7.1505 Kroner"
"1966","7.1510 Kroner"
"1967","7.1505 Kroner"
"1968","7.1429 Kroner"
"1969","7.1444 Kroner"
"1970","7.1469 Kroner"
"1971","7.0398 Kroner"
"1972","6.5876 Kroner"
"1973","5.7451 Kroner"
"1974","5.5191 Kroner"
"1975","5.2138 Kroner"
"1976","5.4564 Kroner"
"1977","5.3223 Kroner"
"1978","5.2414 Kroner"
"1979","5.0650 Kroner"
"1980","4.9381 Kroner"
"1981","5.7430 Kroner"
"1982","6.4567 Kroner"
"1983","7.3012 Kroner"
"1984","8.1596 Kroner"
"1985","8.5933 Kroner"
"1986","7.3985 Kroner"
"1987","6.7409 Kroner"
"1988","6.5243 Kroner"
"1989","6.9131 Kroner"
"1990","6.2541 Kroner"
"1991","6.4912 Kroner"
"1992","6.2142 Kroner"
"1993","7.1009 Kroner"
"1994","7.0553 Kroner"
"1995","6.3355 Kroner"
"1996","6.4594 Kroner"
"1997","7.0857 Kroner"
"1998","7.5521 Kroner"
"1999","7.8071 Kroner"
"2000","8.8131 Kroner"
"2001","8.9964 Kroner"
"2002","7.9839 Kroner"
"2003","7.0803 Kroner"
"2004","6.7399 Kroner"
"2005","6.4412 Kroner"
"2006","6.4095 Kroner"
"2007","5.8557 Kroner"
"2008","5.6365 Kroner"
"2009","6.2908 Kroner"
"2010","6.0451 Kroner"
"2011","5.6020 Kroner"
"2012","5.8181 Kroner"
"2013","5.8772 Kroner"
"2014","6.2969 Kroner"
"2015","8.0681 Kroner"
"2016","8.4000 Kroner"
"2017","8.2717 Kroner"
"2018","8.1325 Kroner"
"2019","8.8000 Kroner"
"2020","9.4200 Kroner"
"2021","8.5900 Kroner"
"2022","9.6142 Kroner"
"2023","10.5633 Kroner"
"2024","10.7497 Kroner"
"Peru, 1600 - 2025"
"1948","16.1000 Soles"
"1949","14.8100 Soles"
"1950","14.9500 Soles"
"1951","15.2800 Soles"
"1952","15.6000 Soles"
"1953","19.8900 Soles"
"1954","19.0000 Soles"
"1955","19.0000 Soles"
"1956","19.0000 Soles"
"1957","19.0000 Soles"
"1958","23.8600 Soles"
"1959","27.9000 Soles"
"1960","27.2992 Soles"
"1961","26.8167 Soles"
"1962","26.8200 Soles"
"1963","26.8200 Soles"
"1964","26.8200 Soles"
"1965","26.8200 Soles"
"1966","26.8200 Soles"
"1967","30.2483 Soles"
"1968","38.7000 Soles"
"1969","38.7000 Soles"
"1970","38.7000 Soles"
"1971","38.7000 Soles"
"1972","38.7000 Soles"
"1973","38.7000 Soles"
"1974","38.7000 Soles"
"1975","40.3708 Soles"
"1976","55.7558 Soles"
"1977","84.2348 Soles"
"1978","156.3490 Soles"
"1979","224.7190 Soles"
"1980","288.8550 Soles"
"1981","422.3180 Soles"
"1982","697.5670 Soles"
"1983","1628.6300 Soles"
"1984","3466.8500 Soles"
"1985","10.9749 Intis"
"1986","13.9475 Intis"
"1987","16.8358 Intis"
"1988","128.8320 Intis"
"1989","2666.1900 Intis"
"1990","187886.0000 Intis"
"1991","0.7725 New Soles"
"1992","1.2458 New Soles"
"1993","1.9883 New Soles"
"1994","2.1950 New Soles"
"1995","2.2533 New Soles"
"1996","2.4533 New Soles"
"1997","2.6642 New Soles"
"1998","2.9300 New Soles"
"1999","3.3833 New Soles"
"2000","3.4900 New Soles"
"2001","3.5068 New Soles"
"2002","3.5165 New Soles"
"2003","3.4785 New Soles"
"2004","3.4132 New Soles"
"2005","3.2958 New Soles"
"2006","3.2744 New Soles"
"2007","3.1280 New Soles"
"2008","2.9244 New Soles"
"2009","3.0115 New Soles"
"2010","2.8251 New Soles"
"2011","2.7540 New Soles"
"2012","2.6380 New Soles"
"2013","2.7020 New Soles"
"2014","2.8400 New Soles"
"2015","3.1800 New Soles"
"2016","3.3266 New Soles"
"2017","3.2230 New Soles"
"2018","3.2900 New Soles"
"2019","3.3400 New Soles"
"2020","3.4900 New Soles"
"2021","3.8800 New Soles"
"2022","3.8340 New Soles"
"2023","3.7416 New Soles"
"2024","3.7538 New Soles"
"Philippines, 1600 - 2025"
"1948","2.000 Peso"
"1949","2.000 Peso"
"1950","2.000 Peso"
"1951","2.000 Peso"
"1952","2.000 Peso"
"1953","2.000 Peso"
"1954","2.000 Peso"
"1955","2.000 Peso"
"1956","2.000 Peso"
"1957","2.000 Peso"
"1958","2.000 Peso"
"1959","2.000 Peso"
"1960","2.015 Peso"
"1961","2.020 Peso"
"1962","3.728 Peso"
"1963","3.910 Peso"
"1964","3.910 Peso"
"1965","3.909 Peso"
"1966","3.900 Peso"
"1967","3.900 Peso"
"1968","3.900 Peso"
"1969","3.900 Peso"
"1970","5.904 Peso"
"1971","6.432 Peso"
"1972","6.675 Peso"
"1973","6.756 Peso"
"1974","6.788 Peso"
"1975","7.248 Peso"
"1976","7.440 Peso"
"1977","7.403 Peso"
"1978","7.366 Peso"
"1979","7.378 Peso"
"1980","7.511 Peso"
"1981","7.900 Peso"
"1982","8.540 Peso"
"1983","11.113 Peso"
"1984","16.699 Peso"
"1985","18.607 Peso"
"1986","20.386 Peso"
"1987","20.568 Peso"
"1988","21.095 Peso"
"1989","21.737 Peso"
"1990","24.311 Peso"
"1991","27.479 Peso"
"1992","25.512 Peso"
"1993","27.120 Peso"
"1994","26.417 Peso"
"1995","25.715 Peso"
"1996","26.216 Peso"
"1997","29.471 Peso"
"1998","40.893 Peso"
"1999","39.089 Peso"
"2000","44.192 Peso"
"2001","50.993 Peso"
"2002","51.604 Peso"
"2003","54.203 Peso"
"2004","56.040 Peso"
"2005","55.086 Peso"
"2006","51.314 Peso"
"2007","46.148 Peso"
"2008","44.323 Peso"
"2009","47.680 Peso"
"2010","45.110 Peso"
"2011","43.313 Peso"
"2012","42.229 Peso"
"2013","42.446 Peso"
"2014","44.395 Peso"
"2015","45.500 Peso"
"2016","47.492 Peso"
"2017","50.404 Peso"
"2018","52.661 Peso"
"2019","51.800 Peso"
"2020","49.620 Peso"
"2021","49.255 Peso"
"2022","54.478 Peso"
"2023","55.630 Peso"
"2024","57.291 Peso"
"Portugal, 1600 - 2025"
"1916","1.4596 Escudo"
"1917","1.5067 Escudo"
"1918","1.5744 Escudo"
"1921","10.0231 Escudo"
"1922","14.9925 Escudo"
"1923","23.5145 Escudo"
"1924","29.5421 Escudo"
"1925","19.8425 Escudo"
"1926","19.5107 Escudo"
"1927","19.8847 Escudo"
"1928","22.3839 Escudo"
"1929","22.3644 Escudo"
"1930","22.2519 Escudo"
"1931","23.5655 Escudo"
"1932","31.2891 Escudo"
"1933","25.5330 Escudo"
"1934","21.6972 Escudo"
"1935","22.4341 Escudo"
"1936","22.1582 Escudo"
"1937","22.3254 Escudo"
"1938","22.5902 Escudo"
"1939","24.7678 Escudo"
"1940","26.9469 Escudo"
"1941","24.9856 Escudo"
"1946","24.6907 Escudo"
"1947","24.8305 Escudo"
"1948","24.8861 Escudo"
"1949","25.7732 Escudo"
"1950","28.8151 Escudo"
"1951","28.7861 Escudo"
"1952","28.6919 Escudo"
"1953","28.6640 Escudo"
"1954","28.6533 Escudo"
"1955","28.6533 Escudo"
"1956","28.6533 Escudo"
"1957","28.6533 Escudo"
"1958","28.6533 Escudo"
"1959","28.5984 Escudo"
"1960","28.6229 Escudo"
"1961","28.6459 Escudo"
"1962","28.5829 Escudo"
"1963","28.6607 Escudo"
"1964","28.7356 Escudo"
"1965","28.7117 Escudo"
"1966","28.7150 Escudo"
"1967","28.7488 Escudo"
"1968","28.6829 Escudo"
"1969","28.5608 Escudo"
"1970","28.5894 Escudo"
"1971","28.2040 Escudo"
"1972","27.0102 Escudo"
"1973","24.3427 Escudo"
"1974","25.3126 Escudo"
"1975","25.4544 Escudo"
"1976","30.1577 Escudo"
"1977","38.1185 Escudo"
"1978","43.8943 Escudo"
"1979","48.9530 Escudo"
"1980","50.0820 Escudo"
"1981","61.7390 Escudo"
"1982","80.1010 Escudo"
"1983","111.6100 Escudo"
"1984","147.7000 Escudo"
"1985","172.0700 Escudo"
"1986","149.8000 Escudo"
"1987","141.2000 Escudo"
"1988","144.2700 Escudo"
"1989","157.5300 Escudo"
"1990","142.7000 Escudo"
"1991","144.7700 Escudo"
"1992","135.0700 Escudo"
"1993","161.0800 Escudo"
"1994","165.9300 Escudo"
"1995","149.8800 Escudo"
"1996","154.2800 Escudo"
"1997","175.4400 Escudo"
"1998","180.2500 Escudo"
"1999","213.5700 Escudo"
"Singapore, 1600 - 2025"
"1981","2.1053 Singapore Dollar"
"1982","2.1406 Singapore Dollar"
"1983","2.1136 Singapore Dollar"
"1984","2.1325 Singapore Dollar"
"1985","2.2008 Singapore Dollar"
"1986","2.1783 Singapore Dollar"
"1987","2.1059 Singapore Dollar"
"1988","2.0133 Singapore Dollar"
"1989","1.9511 Singapore Dollar"
"1990","1.8134 Singapore Dollar"
"1991","1.7283 Singapore Dollar"
"1992","1.6294 Singapore Dollar"
"1993","1.6158 Singapore Dollar"
"1994","1.5275 Singapore Dollar"
"1995","1.4171 Singapore Dollar"
"1996","1.4100 Singapore Dollar"
"1997","1.4857 Singapore Dollar"
"1998","1.6722 Singapore Dollar"
"1999","1.6951 Singapore Dollar"
"2000","1.7250 Singapore Dollar"
"2001","1.7930 Singapore Dollar"
"2002","1.7908 Singapore Dollar"
"2003","1.7429 Singapore Dollar"
"2004","1.6902 Singapore Dollar"
"2005","1.6639 Singapore Dollar"
"2006","1.5882 Singapore Dollar"
"2007","1.5065 Singapore Dollar"
"2008","1.4140 Singapore Dollar"
"2009","1.4543 Singapore Dollar"
"2010","1.3629 Singapore Dollar"
"2011","1.2570 Singapore Dollar"
"2012","1.2492 Singapore Dollar"
"2013","1.2511 Singapore Dollar"
"2014","1.2665 Singapore Dollar"
"2015","1.3746 Singapore Dollar"
"2016","1.3815 Singapore Dollar"
"2017","1.3809 Singapore Dollar"
"2018","1.3488 Singapore Dollar"
"2019","1.3600 Singapore Dollar"
"2020","1.3800 Singapore Dollar"
"2021","1.3435 Singapore Dollar"
"2022","1.3787 Singapore Dollar"
"2023","1.3428 Singapore Dollar"
"2024","1.3365 Singapore Dollar"
"South Africa, 1600 - 2025"
"1928","0.2065 South African Pounds"
"1929","0.2069 South African Pounds"
"1930","0.2067 South African Pounds"
"1931","0.2080 South African Pounds"
"1932","0.2098 South African Pounds"
"1933","0.2410 South African Pounds"
"1934","0.2007 South African Pounds"
"1935","0.2063 South African Pounds"
"1936","0.2034 South African Pounds"
"1937","0.2042 South African Pounds"
"1938","0.2065 South African Pounds"
"1939","0.2272 South African Pounds"
"1940","0.2513 South African Pounds"
"1941","0.2513 South African Pounds"
"1942","0.2513 South African Pounds"
"1943","0.2513 South African Pounds"
"1944","0.2513 South African Pounds"
"1945","0.2506 South African Pounds"
"1946","0.2497 South African Pounds"
"1947","0.2495 South African Pounds"
"1948","0.2495 South African Pounds"
"1949","0.2728 South African Pounds"
"1950","0.3592 South African Pounds"
"1951","0.3593 South African Pounds"
"1952","0.3595 South African Pounds"
"1953","0.3569 South African Pounds"
"1954","0.3574 South African Pounds"
"1955","0.3596 South African Pounds"
"1956","0.3590 South African Pounds"
"1957","0.3593 South African Pounds"
"1958","0.3572 South African Pounds"
"1959","0.3574 South African Pounds"
"1960","0.3575 South African Pounds"
"1961","0.7164 Rand"
"1962","0.7149 Rand"
"1963","0.7169 Rand"
"1964","0.7190 Rand"
"1965","0.7180 Rand"
"1966","0.7188 Rand"
"1967","0.7190 Rand"
"1968","0.7189 Rand"
"1969","0.7199 Rand"
"1970","0.7182 Rand"
"1971","0.7128 Rand"
"1972","0.7726 Rand"
"1973","0.6950 Rand"
"1974","0.6804 Rand"
"1975","0.7328 Rand"
"1976","0.8707 Rand"
"1977","0.8696 Rand"
"1978","0.8695 Rand"
"1979","0.8423 Rand"
"1980","0.7780 Rand"
"1981","0.8713 Rand"
"1982","1.0835 Rand"
"1983","1.1130 Rand"
"1984","1.4382 Rand"
"1985","2.2343 Rand"
"1986","2.2919 Rand"
"1987","2.0385 Rand"
"1988","2.2770 Rand"
"1989","2.6214 Rand"
"1990","2.5885 Rand"
"1991","2.7633 Rand"
"1992","2.8524 Rand"
"1993","3.2729 Rand"
"1994","3.5526 Rand"
"1995","3.6284 Rand"
"1996","4.3011 Rand"
"1997","4.6072 Rand"
"1998","5.5417 Rand"
"1999","6.1191 Rand"
"2000","6.9468 Rand"
"2001","8.6093 Rand"
"2002","10.5176 Rand"
"2003","7.5550 Rand"
"2004","6.4402 Rand"
"2005","6.3606 Rand"
"2006","6.7668 Rand"
"2007","7.0477 Rand"
"2008","8.2480 Rand"
"2009","8.4117 Rand"
"2010","7.3161 Rand"
"2011","7.2510 Rand"
"2012","8.2014 Rand"
"2013","9.6436 Rand"
"2014","10.8420 Rand"
"2015","12.7645 Rand"
"2016","14.7096 Rand"
"2017","13.3338 Rand"
"2018","13.2409 Rand"
"2019","14.4500 Rand"
"2020","16.4600 Rand"
"2021","14.7787 Rand"
"2022","16.3559 Rand"
"2023","18.4502 Rand"
"2024","18.3378 Rand"
"Spain, 1600 - 2025"
"1850","5.0000 Peseta"
"1851","5.0000 Peseta"
"1852","5.0000 Peseta"
"1853","4.9000 Peseta"
"1854","4.9000 Peseta"
"1855","5.0000 Peseta"
"1856","5.0000 Peseta"
"1857","5.0000 Peseta"
"1858","5.1000 Peseta"
"1859","5.0000 Peseta"
"1860","4.9000 Peseta"
"1861","5.0000 Peseta"
"1862","5.0000 Peseta"
"1863","5.0000 Peseta"
"1864","5.1000 Peseta"
"1865","5.0000 Peseta"
"1866","5.0000 Peseta"
"1867","5.0000 Peseta"
"1868","5.1000 Peseta"
"1869","5.0000 Peseta"
"1870","5.0000 Peseta"
"1871","4.9000 Peseta"
"1872","5.0000 Peseta"
"1873","5.1000 Peseta"
"1874","5.1000 Peseta"
"1875","5.1000 Peseta"
"1876","5.1000 Peseta"
"1877","5.2000 Peseta"
"1878","5.2000 Peseta"
"1879","5.2000 Peseta"
"1880","5.1000 Peseta"
"1881","5.2000 Peseta"
"1882","5.3000 Peseta"
"1883","5.3000 Peseta"
"1884","5.2000 Peseta"
"1885","5.3000 Peseta"
"1886","5.3000 Peseta"
"1887","5.2000 Peseta"
"1888","5.3000 Peseta"
"1889","5.4000 Peseta"
"1890","5.4000 Peseta"
"1891","5.5000 Peseta"
"1892","6.0000 Peseta"
"1893","6.2000 Peseta"
"1894","6.2000 Peseta"
"1895","6.0000 Peseta"
"1896","6.3000 Peseta"
"1897","6.7000 Peseta"
"1898","8.1000 Peseta"
"1899","6.5000 Peseta"
"1900","6.7000 Peseta"
"1901","7.2000 Peseta"
"1902","7.0000 Peseta"
"1903","7.0000 Peseta"
"1904","7.1000 Peseta"
"1905","6.8000 Peseta"
"1906","5.9000 Peseta"
"1907","5.8000 Peseta"
"1908","5.8000 Peseta"
"1909","5.6000 Peseta"
"1910","5.6000 Peseta"
"1911","5.6000 Peseta"
"1912","5.6000 Peseta"
"1913","5.6000 Peseta"
"1914","5.4000 Peseta"
"1915","5.2654 Peseta"
"1916","5.0032 Peseta"
"1917","4.4229 Peseta"
"1918","4.0587 Peseta"
"1919","5.0446 Peseta"
"1920","6.2743 Peseta"
"1921","7.3901 Peseta"
"1922","6.4588 Peseta"
"1923","6.9190 Peseta"
"1924","7.4977 Peseta"
"1925","6.9714 Peseta"
"1926","6.7133 Peseta"
"1927","5.8619 Peseta"
"1928","6.0262 Peseta"
"1929","6.8105 Peseta"
"1930","8.5712 Peseta"
"1931","10.4764 Peseta"
"1932","12.4319 Peseta"
"1933","9.3293 Peseta"
"1934","7.3448 Peseta"
"1935","7.3109 Peseta"
"1936","8.1210 Peseta"
"1937","16.5218 Peseta"
"1938","17.8571 Peseta"
"1939","9.4072 Peseta"
"1940","10.7277 Peseta"
"1941","10.9529 Peseta"
"1946","10.9500 Peseta"
"1947","10.9500 Peseta"
"1948","10.9500 Peseta"
"1958","41.9992 Peseta"
"1959","48.5932 Peseta"
"1960","60.1142 Peseta"
"1961","60.0853 Peseta"
"1962","60.0456 Peseta"
"1963","60.0096 Peseta"
"1964","60.0132 Peseta"
"1965","60.0168 Peseta"
"1966","60.0565 Peseta"
"1967","61.0389 Peseta"
"1968","70.0673 Peseta"
"1969","70.0967 Peseta"
"1970","70.0280 Peseta"
"1971","69.5265 Peseta"
"1972","64.2715 Peseta"
"1973","58.2140 Peseta"
"1974","57.6801 Peseta"
"1975","57.3921 Peseta"
"1976","66.8539 Peseta"
"1977","75.2615 Peseta"
"1978","76.4935 Peseta"
"1979","67.1580 Peseta"
"1980","71.7580 Peseta"
"1981","92.3960 Peseta"
"1982","110.0900 Peseta"
"1983","143.5000 Peseta"
"1984","160.7800 Peseta"
"1985","169.9800 Peseta"
"1986","140.0400 Peseta"
"1987","123.5400 Peseta"
"1988","116.5300 Peseta"
"1989","118.4400 Peseta"
"1990","101.9600 Peseta"
"1991","104.0100 Peseta"
"1992","102.3800 Peseta"
"1993","127.4800 Peseta"
"1994","133.8800 Peseta"
"1995","124.6400 Peseta"
"1996","126.6800 Peseta"
"1997","146.5300 Peseta"
"1998","149.4100 Peseta"
"1999","177.2500 Peseta"
"Sri Lanka, 1600 - 2025"
"1971","5.547 Rupee"
"1972","6.227 Rupee"
"1973","6.364 Rupee"
"1974","6.676 Rupee"
"1975","6.952 Rupee"
"1976","8.398 Rupee"
"1977","8.358 Rupee"
"1978","15.667 Rupee"
"1979","15.570 Rupee"
"1980","16.167 Rupee"
"1981","18.967 Rupee"
"1982","20.756 Rupee"
"1983","23.510 Rupee"
"1984","25.428 Rupee"
"1985","27.187 Rupee"
"1986","27.934 Rupee"
"1987","29.472 Rupee"
"1988","31.820 Rupee"
"1989","35.947 Rupee"
"1990","40.078 Rupee"
"1991","41.200 Rupee"
"1992","44.013 Rupee"
"1993","48.211 Rupee"
"1994","49.170 Rupee"
"1995","51.047 Rupee"
"1996","55.289 Rupee"
"1997","59.026 Rupee"
"1998","65.005 Rupee"
"1999","70.868 Rupee"
"2000","76.964 Rupee"
"2001","89.602 Rupee"
"2002","95.773 Rupee"
"2003","96.541 Rupee"
"2004","101.268 Rupee"
"2005","100.383 Rupee"
"2006","103.940 Rupee"
"2007","110.620 Rupee"
"2008","108.298 Rupee"
"2009","114.909 Rupee"
"2010","112.990 Rupee"
"2011","110.469 Rupee"
"2012","127.539 Rupee"
"2013","129.046 Rupee"
"2014","130.536 Rupee"
"2015","135.869 Rupee"
"2016","145.582 Rupee"
"2017","152.447 Rupee"
"2018","162.465 Rupee"
"2019","178.740 Rupee"
"2020","185.590 Rupee"
"2021","198.764 Rupee"
"2022","320.837 Rupee"
"2023","327.102 Rupee"
"2024","301.703 Rupee"
"Sweden, 1600 - 2025"
"1915","3.8619 Kronor"
"1916","3.4555 Kronor"
"1917","3.0576 Kronor"
"1918","3.0272 Kronor"
"1919","3.9151 Kronor"
"1920","4.8795 Kronor"
"1921","4.3609 Kronor"
"1922","3.8217 Kronor"
"1923","3.7658 Kronor"
"1924","3.7704 Kronor"
"1925","3.7247 Kronor"
"1926","3.7363 Kronor"
"1927","3.7293 Kronor"
"1928","3.7313 Kronor"
"1929","3.7336 Kronor"
"1930","3.7238 Kronor"
"1931","3.9598 Kronor"
"1932","5.4139 Kronor"
"1933","4.5388 Kronor"
"1934","3.8489 Kronor"
"1935","3.9571 Kronor"
"1936","3.9022 Kronor"
"1937","3.9236 Kronor"
"1938","3.9687 Kronor"
"1939","4.1683 Kronor"
"1940","4.2013 Kronor"
"1941","4.1966 Kronor"
"1946","3.8671 Kronor"
"1947","3.5940 Kronor"
"1948","3.5940 Kronor"
"1949","3.9247 Kronor"
"1950","5.1727 Kronor"
"1951","5.1741 Kronor"
"1952","5.1743 Kronor"
"1953","5.1751 Kronor"
"1954","5.1725 Kronor"
"1955","5.1725 Kronor"
"1956","5.1725 Kronor"
"1957","5.1730 Kronor"
"1958","5.1737 Kronor"
"1959","5.1750 Kronor"
"1960","5.1683 Kronor"
"1961","5.1672 Kronor"
"1962","5.1554 Kronor"
"1963","5.1889 Kronor"
"1964","5.1509 Kronor"
"1965","5.1584 Kronor"
"1966","5.1658 Kronor"
"1967","5.1618 Kronor"
"1968","5.1682 Kronor"
"1969","5.1701 Kronor"
"1970","5.1862 Kronor"
"1971","5.1041 Kronor"
"1972","4.7569 Kronor"
"1973","4.3535 Kronor"
"1974","4.4320 Kronor"
"1975","4.1423 Kronor"
"1976","4.3560 Kronor"
"1977","4.4677 Kronor"
"1978","4.5169 Kronor"
"1979","4.2892 Kronor"
"1980","4.2309 Kronor"
"1981","5.0659 Kronor"
"1982","6.2838 Kronor"
"1983","7.6717 Kronor"
"1984","8.2706 Kronor"
"1985","8.6031 Kronor"
"1986","7.1273 Kronor"
"1987","6.3469 Kronor"
"1988","6.1370 Kronor"
"1989","6.4559 Kronor"
"1990","5.9231 Kronor"
"1991","6.0521 Kronor"
"1992","5.8258 Kronor"
"1993","7.7956 Kronor"
"1994","7.7161 Kronor"
"1995","7.1406 Kronor"
"1996","6.7082 Kronor"
"1997","7.6446 Kronor"
"1998","7.9522 Kronor"
"1999","8.2740 Kronor"
"2000","9.1735 Kronor"
"2001","10.3425 Kronor"
"2002","9.7233 Kronor"
"2003","8.0787 Kronor"
"2004","7.3480 Kronor"
"2005","7.4710 Kronor"
"2006","7.3718 Kronor"
"2007","6.7550 Kronor"
"2008","6.5846 Kronor"
"2009","7.6539 Kronor"
"2010","7.2053 Kronor"
"2011","6.4880 Kronor"
"2012","6.7721 Kronor"
"2013","6.5124 Kronor"
"2014","6.8576 Kronor"
"2015","8.4350 Kronor"
"2016","8.5620 Kronor"
"2017","8.5489 Kronor"
"2018","8.6925 Kronor"
"2019","9.4600 Kronor"
"2020","9.2100 Kronor"
"2021","8.5766 Kronor"
"2022","10.1143 Kronor"
"2023","10.6102 Kronor"
"2024","10.5683 Kronor"
"Switzerland, 1600 - 2025"
"1913","5.1990 Franc"
"1914","5.1330 Franc"
"1915","5.3274 Franc"
"1916","5.2202 Franc"
"1917","4.7687 Franc"
"1918","4.3793 Franc"
"1919","5.2679 Franc"
"1920","5.9161 Franc"
"1921","5.7624 Franc"
"1922","5.2452 Franc"
"1923","5.5371 Franc"
"1924","5.4876 Franc"
"1925","5.1742 Franc"
"1926","5.1779 Franc"
"1927","5.1916 Franc"
"1928","5.1922 Franc"
"1929","5.1869 Franc"
"1930","5.1594 Franc"
"1931","5.1544 Franc"
"1932","5.1533 Franc"
"1933","4.0265 Franc"
"1934","3.0896 Franc"
"1935","3.0772 Franc"
"1936","3.3125 Franc"
"1937","4.3596 Franc"
"1938","4.3723 Franc"
"1939","4.4396 Franc"
"1940","4.4100 Franc"
"1941","4.3086 Franc"
"1946","4.2803 Franc"
"1947","4.2803 Franc"
"1948","4.2803 Franc"
"1949","4.2893 Franc"
"1950","4.3222 Franc"
"1951","4.3364 Franc"
"1952","4.3201 Franc"
"1953","4.2888 Franc"
"1954","4.2878 Franc"
"1955","4.2862 Franc"
"1956","4.2855 Franc"
"1957","4.2863 Franc"
"1958","4.2867 Franc"
"1959","4.3212 Franc"
"1960","4.3193 Franc"
"1961","4.3195 Franc"
"1962","4.3245 Franc"
"1963","4.3217 Franc"
"1964","4.3193 Franc"
"1965","4.3279 Franc"
"1966","4.3264 Franc"
"1967","4.3282 Franc"
"1968","4.3161 Franc"
"1969","4.3129 Franc"
"1970","4.3105 Franc"
"1971","4.1110 Franc"
"1972","3.8178 Franc"
"1973","3.1546 Franc"
"1974","2.9684 Franc"
"1975","2.5811 Franc"
"1976","2.4992 Franc"
"1977","2.3973 Franc"
"1978","1.7767 Franc"
"1979","1.6643 Franc"
"1980","1.6772 Franc"
"1981","1.9674 Franc"
"1982","2.0327 Franc"
"1983","2.1006 Franc"
"1984","2.3500 Franc"
"1985","2.4551 Franc"
"1986","1.7979 Franc"
"1987","1.4918 Franc"
"1988","1.4643 Franc"
"1989","1.6369 Franc"
"1990","1.3901 Franc"
"1991","1.4356 Franc"
"1992","1.4064 Franc"
"1993","1.4781 Franc"
"1994","1.3667 Franc"
"1995","1.1812 Franc"
"1996","1.2361 Franc"
"1997","1.4514 Franc"
"1998","1.4506 Franc"
"1999","1.5045 Franc"
"2000","1.6904 Franc"
"2001","1.6891 Franc"
"2002","1.5567 Franc"
"2003","1.3450 Franc"
"2004","1.2428 Franc"
"2005","1.2459 Franc"
"2006","1.2532 Franc"
"2007","1.1999 Franc"
"2008","1.0816 Franc"
"2009","1.0860 Franc"
"2010","1.0432 Franc"
"2011","0.8860 Franc"
"2012","0.9377 Franc"
"2013","0.9269 Franc"
"2014","0.9147 Franc"
"2015","0.9628 Franc"
"2016","0.9854 Franc"
"2017","0.9847 Franc"
"2018","0.9779 Franc"
"2019","0.9900 Franc"
"2020","0.9400 Franc"
"2021","0.9138 Franc"
"2022","0.9549 Franc"
"2023","0.8988 Franc"
"2024","0.8806 Franc"
"Taiwan, 1600 - 2025"
"1984","39.633 Taiwanese Dollar"
"1985","39.889 Taiwanese Dollar"
"1986","37.839 Taiwanese Dollar"
"1987","31.753 Taiwanese Dollar"
"1988","28.636 Taiwanese Dollar"
"1989","26.407 Taiwanese Dollar"
"1990","26.918 Taiwanese Dollar"
"1991","26.759 Taiwanese Dollar"
"1992","25.160 Taiwanese Dollar"
"1993","26.416 Taiwanese Dollar"
"1994","26.465 Taiwanese Dollar"
"1995","26.495 Taiwanese Dollar"
"1996","27.468 Taiwanese Dollar"
"1997","28.775 Taiwanese Dollar"
"1998","33.547 Taiwanese Dollar"
"1999","32.322 Taiwanese Dollar"
"2000","31.260 Taiwanese Dollar"
"2001","33.824 Taiwanese Dollar"
"2002","34.536 Taiwanese Dollar"
"2003","34.405 Taiwanese Dollar"
"2004","33.372 Taiwanese Dollar"
"2005","32.131 Taiwanese Dollar"
"2006","32.506 Taiwanese Dollar"
"2007","32.852 Taiwanese Dollar"
"2008","31.521 Taiwanese Dollar"
"2009","33.020 Taiwanese Dollar"
"2010","31.498 Taiwanese Dollar"
"2011","29.382 Taiwanese Dollar"
"2012","29.558 Taiwanese Dollar"
"2013","29.680 Taiwanese Dollar"
"2014","30.299 Taiwanese Dollar"
"2015","31.744 Taiwanese Dollar"
"2016","32.258 Taiwanese Dollar"
"2017","30.406 Taiwanese Dollar"
"2018","30.129 Taiwanese Dollar"
"2019","30.930 Taiwanese Dollar"
"2020","29.580 Taiwanese Dollar"
"2021","27.932 Taiwanese Dollar"
"2022","29.796 Taiwanese Dollar"
"2023","31.152 Taiwanese Dollar"
"2024","32.106 Taiwanese Dollar"
"Thailand, 1600 - 2025"
"1981","21.731 Baht"
"1982","23.014 Baht"
"1983","22.991 Baht"
"1984","23.582 Baht"
"1985","27.193 Baht"
"1986","26.315 Baht"
"1987","25.775 Baht"
"1988","25.312 Baht"
"1989","25.725 Baht"
"1990","25.609 Baht"
"1991","25.528 Baht"
"1992","25.411 Baht"
"1993","25.333 Baht"
"1994","25.161 Baht"
"1995","24.921 Baht"
"1996","25.359 Baht"
"1997","31.072 Baht"
"1998","41.262 Baht"
"1999","37.887 Baht"
"2000","40.210 Baht"
"2001","44.532 Baht"
"2002","43.019 Baht"
"2003","41.556 Baht"
"2004","40.271 Baht"
"2005","40.252 Baht"
"2006","37.876 Baht"
"2007","32.203 Baht"
"2008","32.962 Baht"
"2009","34.310 Baht"
"2010","31.700 Baht"
"2011","30.462 Baht"
"2012","31.055 Baht"
"2013","30.696 Baht"
"2014","32.461 Baht"
"2015","34.241 Baht"
"2016","35.296 Baht"
"2017","33.940 Baht"
"2018","32.310 Baht"
"2019","31.050 Baht"
"2020","31.290 Baht"
"2021","31.977 Baht"
"2022","35.061 Baht"
"2023","34.802 Baht"
"2024","35.285 Baht"
"United Kingdom, 1600 - 2025"
"1791","0.2195 British Pound"
"1792","0.2239 British Pound"
"1793","0.2218 British Pound"
"1794","0.2106 British Pound"
"1795","0.2209 British Pound"
"1796","0.2333 British Pound"
"1797","0.2254 British Pound"
"1798","0.2279 British Pound"
"1799","0.2420 British Pound"
"1800","0.2199 British Pound"
"1801","0.2283 British Pound"
"1802","0.2230 British Pound"
"1803","0.2202 British Pound"
"1804","0.2197 British Pound"
"1805","0.2300 British Pound"
"1806","0.2256 British Pound"
"1807","0.2260 British Pound"
"1808","0.2162 British Pound"
"1809","0.2186 British Pound"
"1810","0.2326 British Pound"
"1811","0.2620 British Pound"
"1812","0.2765 British Pound"
"1813","0.2667 British Pound"
"1814","0.2358 British Pound"
"1815","0.2039 British Pound"
"1816","0.1914 British Pound"
"1817","0.2173 British Pound"
"1818","0.2222 British Pound"
"1819","0.2216 British Pound"
"1820","0.2211 British Pound"
"1821","0.2074 British Pound"
"1822","0.2009 British Pound"
"1823","0.2083 British Pound"
"1824","0.2055 British Pound"
"1825","0.2070 British Pound"
"1826","0.2033 British Pound"
"1827","0.2026 British Pound"
"1828","0.2029 British Pound"
"1829","0.2057 British Pound"
"1830","0.2100 British Pound"
"1831","0.2058 British Pound"
"1832","0.2058 British Pound"
"1833","0.2089 British Pound"
"1834","0.2156 British Pound"
"1835","0.2062 British Pound"
"1836","0.2076 British Pound"
"1837","0.1961 British Pound"
"1838","0.2047 British Pound"
"1839","0.2006 British Pound"
"1840","0.2000 British Pound"
"1841","0.2004 British Pound"
"1842","0.2085 British Pound"
"1843","0.2089 British Pound"
"1844","0.2058 British Pound"
"1845","0.2053 British Pound"
"1846","0.2076 British Pound"
"1847","0.2086 British Pound"
"1848","0.2054 British Pound"
"1849","0.2077 British Pound"
"1850","0.2053 British Pound"
"1851","0.2035 British Pound"
"1852","0.2040 British Pound"
"1853","0.2046 British Pound"
"1854","0.2048 British Pound"
"1855","0.2047 British Pound"
"1856","0.2037 British Pound"
"1857","0.2045 British Pound"
"1858","0.2058 British Pound"
"1859","0.2041 British Pound"
"1860","0.2062 British Pound"
"1861","0.2095 British Pound"
"1862","0.1799 British Pound"
"1863","0.1413 British Pound"
"1864","0.1003 British Pound"
"1865","0.1300 British Pound"
"1866","0.1454 British Pound"
"1867","0.1481 British Pound"
"1868","0.1465 British Pound"
"1869","0.1542 British Pound"
"1870","0.1790 British Pound"
"1871","0.1832 British Pound"
"1872","0.1837 British Pound"
"1873","0.1803 British Pound"
"1874","0.1845 British Pound"
"1875","0.1789 British Pound"
"1876","0.1844 British Pound"
"1877","0.1970 British Pound"
"1878","0.2045 British Pound"
"1879","0.2060 British Pound"
"1880","0.2064 British Pound"
"1881","0.2070 British Pound"
"1882","0.2053 British Pound"
"1883","0.2062 British Pound"
"1884","0.2060 British Pound"
"1885","0.2059 British Pound"
"1886","0.2057 British Pound"
"1887","0.2061 British Pound"
"1888","0.2053 British Pound"
"1889","0.2054 British Pound"
"1890","0.2057 British Pound"
"1891","0.2057 British Pound"
"1892","0.2052 British Pound"
"1893","0.2056 British Pound"
"1894","0.2050 British Pound"
"1895","0.2046 British Pound"
"1896","0.2053 British Pound"
"1897","0.2056 British Pound"
"1898","0.2063 British Pound"
"1899","0.2056 British Pound"
"1900","0.2056 British Pound"
"1901","0.2052 British Pound"
"1902","0.2053 British Pound"
"1903","0.2056 British Pound"
"1904","0.2054 British Pound"
"1905","0.2056 British Pound"
"1906","0.2061 British Pound"
"1907","0.2058 British Pound"
"1908","0.2055 British Pound"
"1909","0.2052 British Pound"
"1910","0.2056 British Pound"
"1911","0.2057 British Pound"
"1912","0.2055 British Pound"
"1913","0.2054 British Pound"
"1914","0.2028 British Pound"
"1915","0.2102 British Pound"
"1916","0.2098 British Pound"
"1917","0.2099 British Pound"
"1918","0.2099 British Pound"
"1919","0.2259 British Pound"
"1920","0.2729 British Pound"
"1921","0.2598 British Pound"
"1922","0.2258 British Pound"
"1923","0.2186 British Pound"
"1924","0.2264 British Pound"
"1925","0.2071 British Pound"
"1926","0.2058 British Pound"
"1927","0.2057 British Pound"
"1928","0.2055 British Pound"
"1929","0.2059 British Pound"
"1930","0.2057 British Pound"
"1931","0.2205 British Pound"
"1932","0.2852 British Pound"
"1933","0.2360 British Pound"
"1934","0.1985 British Pound"
"1935","0.2040 British Pound"
"1936","0.2012 British Pound"
"1937","0.2023 British Pound"
"1938","0.2045 British Pound"
"1939","0.2255 British Pound"
"1940","0.2611 British Pound"
"1941","0.2480 British Pound"
"1942","0.2478 British Pound"
"1943","0.2478 British Pound"
"1944","0.2478 British Pound"
"1945","0.2481 British Pound"
"1946","0.2480 British Pound"
"1947","0.2482 British Pound"
"1948","0.2481 British Pound"
"1949","0.2712 British Pound"
"1950","0.3570 British Pound"
"1951","0.3571 British Pound"
"1952","0.3580 British Pound"
"1953","0.3555 British Pound"
"1954","0.3560 British Pound"
"1955","0.3583 British Pound"
"1956","0.3577 British Pound"
"1957","0.3580 British Pound"
"1958","0.3559 British Pound"
"1959","0.3560 British Pound"
"1960","0.3561 British Pound"
"1961","0.3569 British Pound"
"1962","0.3561 British Pound"
"1963","0.3571 British Pound"
"1964","0.3582 British Pound"
"1965","0.3577 British Pound"
"1966","0.3580 British Pound"
"1967","0.3636 British Pound"
"1968","0.4177 British Pound"
"1969","0.4184 British Pound"
"1970","0.4174 British Pound"
"1971","0.4092 British Pound"
"1972","0.3998 British Pound"
"1973","0.4080 British Pound"
"1974","0.4274 British Pound"
"1975","0.4500 British Pound"
"1976","0.5540 British Pound"
"1977","0.5731 British Pound"
"1978","0.5214 British Pound"
"1979","0.4713 British Pound"
"1980","0.4299 British Pound"
"1981","0.4941 British Pound"
"1982","0.5721 British Pound"
"1983","0.6596 British Pound"
"1984","0.7479 British Pound"
"1985","0.7710 British Pound"
"1986","0.6812 British Pound"
"1987","0.6098 British Pound"
"1988","0.5615 British Pound"
"1989","0.6105 British Pound"
"1990","0.5605 British Pound"
"1991","0.5659 British Pound"
"1992","0.5663 British Pound"
"1993","0.6658 British Pound"
"1994","0.6527 British Pound"
"1995","0.6333 British Pound"
"1996","0.6406 British Pound"
"1997","0.6105 British Pound"
"1998","0.6035 British Pound"
"1999","0.6184 British Pound"
"2000","0.6598 British Pound"
"2001","0.6946 British Pound"
"2002","0.6656 British Pound"
"2003","0.6117 British Pound"
"2004","0.5456 British Pound"
"2005","0.5493 British Pound"
"2006","0.5425 British Pound"
"2007","0.4995 British Pound"
"2008","0.5392 British Pound"
"2009","0.6385 British Pound"
"2010","0.6472 British Pound"
"2011","0.6233 British Pound"
"2012","0.6307 British Pound"
"2013","0.6393 British Pound"
"2014","0.6066 British Pound"
"2015","0.6542 British Pound"
"2016","0.7406 British Pound"
"2017","0.7770 British Pound"
"2018","0.7496 British Pound"
"2019","0.7800 British Pound"
"2020","0.7800 British Pound"
"2021","0.7300 British Pounds"
"2021","0.7300 British Pounds"
"2022","0.8113 British Pounds"
"2023","0.8045 British Pounds"
"2024","0.7824 British Pounds"
"Venezuela, 1600 - 2025"
"1948","3.750 Bolivars"
"1949","3.354 Bolivars"
"1950","3.754 Bolivars"
"1951","3.341 Bolivars"
"1952","3.301 Bolivars"
"1953","3.204 Bolivars"
"1954","3.668 Bolivars"
"1955","3.227 Bolivars"
"1956","3.241 Bolivars"
"1957","3.350 Bolivars"
"1958","3.350 Bolivars"
"1959","3.350 Bolivars"
"1960","3.350 Bolivars"
"1961","3.350 Bolivars"
"1962","3.350 Bolivars"
"1963","3.350 Bolivars"
"1964","4.399 Bolivars"
"1965","4.450 Bolivars"
"1966","4.450 Bolivars"
"1967","4.450 Bolivars"
"1968","4.450 Bolivars"
"1969","4.450 Bolivars"
"1970","4.450 Bolivars"
"1971","4.447 Bolivars"
"1972","4.400 Bolivars"
"1973","4.304 Bolivars"
"1974","4.285 Bolivars"
"1975","4.285 Bolivars"
"1976","4.290 Bolivars"
"1977","4.293 Bolivars"
"1978","4.293 Bolivars"
"1979","4.293 Bolivars"
"1980","4.293 Bolivars"
"1981","4.293 Bolivars"
"1982","4.293 Bolivars"
"1983","4.297 Bolivars"
"1984","7.017 Bolivars"
"1985","7.500 Bolivars"
"1986","8.083 Bolivars"
"1987","14.500 Bolivars"
"1988","14.500 Bolivars"
"1989","34.681 Bolivars"
"1990","46.901 Bolivars"
"1991","56.816 Bolivars"
"1992","68.376 Bolivars"
"1993","90.826 Bolivars"
"1994","148.503 Bolivars"
"1995","176.842 Bolivars"
"1996","417.19 Bolivars"
"1997","488.39 Bolivars"
"1998","548.39 Bolivars"
"1999","606.82 Bolivars"
"2000","680.52 Bolivars"
"2001","724.10 Bolivars"
"2002","1161.19 Bolivars"
"2003","1613.43 Bolivars"
"2004","1886.13 Bolivars"
"2005","2107.13 Bolivars"
"2006","2144.60 Bolivars"
"2007","2144.60 Bolivars"
"2008","2.14 Bolivars"
"2009","2.14 Bolivars"
"2010","4.24 Bolivars"
"2011","4.29 Bolivars"
"2012","4.29 Bolivars"
"2013","6.07 Bolivars"
"2014","6.28 Bolivars"
"2015","6.28 Bolivar"
"2016","9.45 Bolivar"
"2017","10.45 Bolivar"
"2018","4389740.00 Bolivar"
"2019","13287.10 Bolivar"
"2020","309968.00 Bolivar"
"2021","3220480.00 Bolivar"
"2022","6.64 Bolivar"
"2023","28.62 Bolivar"
"2024","38.33 Bolivar"
